# Blender 4.3.1
# www.blender.org
o Cylinder
v 0.000000 -0.125000 -1.000000
v 0.000000 0.125000 -1.000000
v 0.024541 -0.125000 -0.999699
v 0.024541 0.125000 -0.999699
v 0.049068 -0.125000 -0.998795
v 0.049068 0.125000 -0.998795
v 0.073565 -0.125000 -0.997290
v 0.073565 0.125000 -0.997290
v 0.098017 -0.125000 -0.995185
v 0.098017 0.125000 -0.995185
v 0.122411 -0.125000 -0.992480
v 0.122411 0.125000 -0.992480
v 0.146730 -0.125000 -0.989177
v 0.146730 0.125000 -0.989177
v 0.170962 -0.125000 -0.985278
v 0.170962 0.125000 -0.985278
v 0.195090 -0.125000 -0.980785
v 0.195090 0.125000 -0.980785
v 0.219101 -0.125000 -0.975702
v 0.219101 0.125000 -0.975702
v 0.242980 -0.125000 -0.970031
v 0.242980 0.125000 -0.970031
v 0.266713 -0.125000 -0.963776
v 0.266713 0.125000 -0.963776
v 0.290285 -0.125000 -0.956940
v 0.290285 0.125000 -0.956940
v 0.313682 -0.125000 -0.949528
v 0.313682 0.125000 -0.949528
v 0.336890 -0.125000 -0.941544
v 0.336890 0.125000 -0.941544
v 0.359895 -0.125000 -0.932993
v 0.359895 0.125000 -0.932993
v 0.382683 -0.125000 -0.923880
v 0.382683 0.125000 -0.923880
v 0.405241 -0.125000 -0.914210
v 0.405241 0.125000 -0.914210
v 0.427555 -0.125000 -0.903989
v 0.427555 0.125000 -0.903989
v 0.449611 -0.125000 -0.893224
v 0.449611 0.125000 -0.893224
v 0.471397 -0.125000 -0.881921
v 0.471397 0.125000 -0.881921
v 0.492898 -0.125000 -0.870087
v 0.492898 0.125000 -0.870087
v 0.514103 -0.125000 -0.857729
v 0.514103 0.125000 -0.857729
v 0.534998 -0.125000 -0.844854
v 0.534998 0.125000 -0.844854
v 0.555570 -0.125000 -0.831470
v 0.555570 0.125000 -0.831470
v 0.575808 -0.125000 -0.817585
v 0.575808 0.125000 -0.817585
v 0.595699 -0.125000 -0.803208
v 0.595699 0.125000 -0.803208
v 0.615232 -0.125000 -0.788346
v 0.615232 0.125000 -0.788346
v 0.634393 -0.125000 -0.773010
v 0.634393 0.125000 -0.773010
v 0.653173 -0.125000 -0.757209
v 0.653173 0.125000 -0.757209
v 0.671559 -0.125000 -0.740951
v 0.671559 0.125000 -0.740951
v 0.689541 -0.125000 -0.724247
v 0.689541 0.125000 -0.724247
v 0.707107 -0.125000 -0.707107
v 0.707107 0.125000 -0.707107
v 0.724247 -0.125000 -0.689541
v 0.724247 0.125000 -0.689541
v 0.740951 -0.125000 -0.671559
v 0.740951 0.125000 -0.671559
v 0.757209 -0.125000 -0.653173
v 0.757209 0.125000 -0.653173
v 0.773010 -0.125000 -0.634393
v 0.773010 0.125000 -0.634393
v 0.788346 -0.125000 -0.615232
v 0.788346 0.125000 -0.615232
v 0.803208 -0.125000 -0.595699
v 0.803208 0.125000 -0.595699
v 0.817585 -0.125000 -0.575808
v 0.817585 0.125000 -0.575808
v 0.831470 -0.125000 -0.555570
v 0.831470 0.125000 -0.555570
v 0.844854 -0.125000 -0.534998
v 0.844854 0.125000 -0.534998
v 0.857729 -0.125000 -0.514103
v 0.857729 0.125000 -0.514103
v 0.870087 -0.125000 -0.492898
v 0.870087 0.125000 -0.492898
v 0.881921 -0.125000 -0.471397
v 0.881921 0.125000 -0.471397
v 0.893224 -0.125000 -0.449611
v 0.893224 0.125000 -0.449611
v 0.903989 -0.125000 -0.427555
v 0.903989 0.125000 -0.427555
v 0.914210 -0.125000 -0.405241
v 0.914210 0.125000 -0.405241
v 0.923880 -0.125000 -0.382683
v 0.923880 0.125000 -0.382683
v 0.932993 -0.125000 -0.359895
v 0.932993 0.125000 -0.359895
v 0.941544 -0.125000 -0.336890
v 0.941544 0.125000 -0.336890
v 0.949528 -0.125000 -0.313682
v 0.949528 0.125000 -0.313682
v 0.956940 -0.125000 -0.290285
v 0.956940 0.125000 -0.290285
v 0.963776 -0.125000 -0.266713
v 0.963776 0.125000 -0.266713
v 0.970031 -0.125000 -0.242980
v 0.970031 0.125000 -0.242980
v 0.975702 -0.125000 -0.219101
v 0.975702 0.125000 -0.219101
v 0.980785 -0.125000 -0.195090
v 0.980785 0.125000 -0.195090
v 0.985278 -0.125000 -0.170962
v 0.985278 0.125000 -0.170962
v 0.989177 -0.125000 -0.146730
v 0.989177 0.125000 -0.146730
v 0.992480 -0.125000 -0.122411
v 0.992480 0.125000 -0.122411
v 0.995185 -0.125000 -0.098017
v 0.995185 0.125000 -0.098017
v 0.997290 -0.125000 -0.073565
v 0.997290 0.125000 -0.073565
v 0.998795 -0.125000 -0.049068
v 0.998795 0.125000 -0.049068
v 0.999699 -0.125000 -0.024541
v 0.999699 0.125000 -0.024541
v 1.000000 -0.125000 0.000000
v 1.000000 0.125000 0.000000
v 0.999699 -0.125000 0.024541
v 0.999699 0.125000 0.024541
v 0.998795 -0.125000 0.049068
v 0.998795 0.125000 0.049068
v 0.997290 -0.125000 0.073565
v 0.997290 0.125000 0.073565
v 0.995185 -0.125000 0.098017
v 0.995185 0.125000 0.098017
v 0.992480 -0.125000 0.122411
v 0.992480 0.125000 0.122411
v 0.989177 -0.125000 0.146730
v 0.989177 0.125000 0.146730
v 0.985278 -0.125000 0.170962
v 0.985278 0.125000 0.170962
v 0.980785 -0.125000 0.195090
v 0.980785 0.125000 0.195090
v 0.975702 -0.125000 0.219101
v 0.975702 0.125000 0.219101
v 0.970031 -0.125000 0.242980
v 0.970031 0.125000 0.242980
v 0.963776 -0.125000 0.266713
v 0.963776 0.125000 0.266713
v 0.956940 -0.125000 0.290285
v 0.956940 0.125000 0.290285
v 0.949528 -0.125000 0.313682
v 0.949528 0.125000 0.313682
v 0.941544 -0.125000 0.336890
v 0.941544 0.125000 0.336890
v 0.932993 -0.125000 0.359895
v 0.932993 0.125000 0.359895
v 0.923880 -0.125000 0.382683
v 0.923880 0.125000 0.382683
v 0.914210 -0.125000 0.405241
v 0.914210 0.125000 0.405241
v 0.903989 -0.125000 0.427555
v 0.903989 0.125000 0.427555
v 0.893224 -0.125000 0.449611
v 0.893224 0.125000 0.449611
v 0.881921 -0.125000 0.471397
v 0.881921 0.125000 0.471397
v 0.870087 -0.125000 0.492898
v 0.870087 0.125000 0.492898
v 0.857729 -0.125000 0.514103
v 0.857729 0.125000 0.514103
v 0.844854 -0.125000 0.534998
v 0.844854 0.125000 0.534998
v 0.831470 -0.125000 0.555570
v 0.831470 0.125000 0.555570
v 0.817585 -0.125000 0.575808
v 0.817585 0.125000 0.575808
v 0.803208 -0.125000 0.595699
v 0.803208 0.125000 0.595699
v 0.788346 -0.125000 0.615232
v 0.788346 0.125000 0.615232
v 0.773010 -0.125000 0.634393
v 0.773010 0.125000 0.634393
v 0.757209 -0.125000 0.653173
v 0.757209 0.125000 0.653173
v 0.740951 -0.125000 0.671559
v 0.740951 0.125000 0.671559
v 0.724247 -0.125000 0.689541
v 0.724247 0.125000 0.689541
v 0.707107 -0.125000 0.707107
v 0.707107 0.125000 0.707107
v 0.689541 -0.125000 0.724247
v 0.689541 0.125000 0.724247
v 0.671559 -0.125000 0.740951
v 0.671559 0.125000 0.740951
v 0.653173 -0.125000 0.757209
v 0.653173 0.125000 0.757209
v 0.634393 -0.125000 0.773010
v 0.634393 0.125000 0.773010
v 0.615232 -0.125000 0.788346
v 0.615232 0.125000 0.788346
v 0.595699 -0.125000 0.803208
v 0.595699 0.125000 0.803208
v 0.575808 -0.125000 0.817585
v 0.575808 0.125000 0.817585
v 0.555570 -0.125000 0.831470
v 0.555570 0.125000 0.831470
v 0.534998 -0.125000 0.844854
v 0.534998 0.125000 0.844854
v 0.514103 -0.125000 0.857729
v 0.514103 0.125000 0.857729
v 0.492898 -0.125000 0.870087
v 0.492898 0.125000 0.870087
v 0.471397 -0.125000 0.881921
v 0.471397 0.125000 0.881921
v 0.449611 -0.125000 0.893224
v 0.449611 0.125000 0.893224
v 0.427555 -0.125000 0.903989
v 0.427555 0.125000 0.903989
v 0.405241 -0.125000 0.914210
v 0.405241 0.125000 0.914210
v 0.382683 -0.125000 0.923880
v 0.382683 0.125000 0.923880
v 0.359895 -0.125000 0.932993
v 0.359895 0.125000 0.932993
v 0.336890 -0.125000 0.941544
v 0.336890 0.125000 0.941544
v 0.313682 -0.125000 0.949528
v 0.313682 0.125000 0.949528
v 0.290285 -0.125000 0.956940
v 0.290285 0.125000 0.956940
v 0.266713 -0.125000 0.963776
v 0.266713 0.125000 0.963776
v 0.242980 -0.125000 0.970031
v 0.242980 0.125000 0.970031
v 0.219101 -0.125000 0.975702
v 0.219101 0.125000 0.975702
v 0.195090 -0.125000 0.980785
v 0.195090 0.125000 0.980785
v 0.170962 -0.125000 0.985278
v 0.170962 0.125000 0.985278
v 0.146730 -0.125000 0.989177
v 0.146730 0.125000 0.989177
v 0.122411 -0.125000 0.992480
v 0.122411 0.125000 0.992480
v 0.098017 -0.125000 0.995185
v 0.098017 0.125000 0.995185
v 0.073565 -0.125000 0.997290
v 0.073565 0.125000 0.997290
v 0.049068 -0.125000 0.998795
v 0.049068 0.125000 0.998795
v 0.024541 -0.125000 0.999699
v 0.024541 0.125000 0.999699
v 0.000000 -0.125000 1.000000
v 0.000000 0.125000 1.000000
v -0.024541 -0.125000 0.999699
v -0.024541 0.125000 0.999699
v -0.049068 -0.125000 0.998795
v -0.049068 0.125000 0.998795
v -0.073565 -0.125000 0.997290
v -0.073565 0.125000 0.997290
v -0.098017 -0.125000 0.995185
v -0.098017 0.125000 0.995185
v -0.122411 -0.125000 0.992480
v -0.122411 0.125000 0.992480
v -0.146730 -0.125000 0.989177
v -0.146730 0.125000 0.989177
v -0.170962 -0.125000 0.985278
v -0.170962 0.125000 0.985278
v -0.195090 -0.125000 0.980785
v -0.195090 0.125000 0.980785
v -0.219101 -0.125000 0.975702
v -0.219101 0.125000 0.975702
v -0.242980 -0.125000 0.970031
v -0.242980 0.125000 0.970031
v -0.266713 -0.125000 0.963776
v -0.266713 0.125000 0.963776
v -0.290285 -0.125000 0.956940
v -0.290285 0.125000 0.956940
v -0.313682 -0.125000 0.949528
v -0.313682 0.125000 0.949528
v -0.336890 -0.125000 0.941544
v -0.336890 0.125000 0.941544
v -0.359895 -0.125000 0.932993
v -0.359895 0.125000 0.932993
v -0.382683 -0.125000 0.923880
v -0.382683 0.125000 0.923880
v -0.405241 -0.125000 0.914210
v -0.405241 0.125000 0.914210
v -0.427555 -0.125000 0.903989
v -0.427555 0.125000 0.903989
v -0.449611 -0.125000 0.893224
v -0.449611 0.125000 0.893224
v -0.471397 -0.125000 0.881921
v -0.471397 0.125000 0.881921
v -0.492898 -0.125000 0.870087
v -0.492898 0.125000 0.870087
v -0.514103 -0.125000 0.857729
v -0.514103 0.125000 0.857729
v -0.534998 -0.125000 0.844854
v -0.534998 0.125000 0.844854
v -0.555570 -0.125000 0.831470
v -0.555570 0.125000 0.831470
v -0.575808 -0.125000 0.817585
v -0.575808 0.125000 0.817585
v -0.595699 -0.125000 0.803208
v -0.595699 0.125000 0.803208
v -0.615232 -0.125000 0.788346
v -0.615232 0.125000 0.788346
v -0.634393 -0.125000 0.773010
v -0.634393 0.125000 0.773010
v -0.653173 -0.125000 0.757209
v -0.653173 0.125000 0.757209
v -0.671559 -0.125000 0.740951
v -0.671559 0.125000 0.740951
v -0.689541 -0.125000 0.724247
v -0.689541 0.125000 0.724247
v -0.707107 -0.125000 0.707107
v -0.707107 0.125000 0.707107
v -0.724247 -0.125000 0.689541
v -0.724247 0.125000 0.689541
v -0.740951 -0.125000 0.671559
v -0.740951 0.125000 0.671559
v -0.757209 -0.125000 0.653173
v -0.757209 0.125000 0.653173
v -0.773010 -0.125000 0.634393
v -0.773010 0.125000 0.634393
v -0.788346 -0.125000 0.615232
v -0.788346 0.125000 0.615232
v -0.803208 -0.125000 0.595699
v -0.803208 0.125000 0.595699
v -0.817585 -0.125000 0.575808
v -0.817585 0.125000 0.575808
v -0.831470 -0.125000 0.555570
v -0.831470 0.125000 0.555570
v -0.844854 -0.125000 0.534998
v -0.844854 0.125000 0.534998
v -0.857729 -0.125000 0.514103
v -0.857729 0.125000 0.514103
v -0.870087 -0.125000 0.492898
v -0.870087 0.125000 0.492898
v -0.881921 -0.125000 0.471397
v -0.881921 0.125000 0.471397
v -0.893224 -0.125000 0.449611
v -0.893224 0.125000 0.449611
v -0.903989 -0.125000 0.427555
v -0.903989 0.125000 0.427555
v -0.914210 -0.125000 0.405241
v -0.914210 0.125000 0.405241
v -0.923880 -0.125000 0.382683
v -0.923880 0.125000 0.382683
v -0.932993 -0.125000 0.359895
v -0.932993 0.125000 0.359895
v -0.941544 -0.125000 0.336890
v -0.941544 0.125000 0.336890
v -0.949528 -0.125000 0.313682
v -0.949528 0.125000 0.313682
v -0.956940 -0.125000 0.290285
v -0.956940 0.125000 0.290285
v -0.963776 -0.125000 0.266713
v -0.963776 0.125000 0.266713
v -0.970031 -0.125000 0.242980
v -0.970031 0.125000 0.242980
v -0.975702 -0.125000 0.219101
v -0.975702 0.125000 0.219101
v -0.980785 -0.125000 0.195090
v -0.980785 0.125000 0.195090
v -0.985278 -0.125000 0.170962
v -0.985278 0.125000 0.170962
v -0.989177 -0.125000 0.146730
v -0.989177 0.125000 0.146730
v -0.992480 -0.125000 0.122411
v -0.992480 0.125000 0.122411
v -0.995185 -0.125000 0.098017
v -0.995185 0.125000 0.098017
v -0.997290 -0.125000 0.073565
v -0.997290 0.125000 0.073565
v -0.998795 -0.125000 0.049068
v -0.998795 0.125000 0.049068
v -0.999699 -0.125000 0.024541
v -0.999699 0.125000 0.024541
v -1.000000 -0.125000 0.000000
v -1.000000 0.125000 0.000000
v -0.999699 -0.125000 -0.024541
v -0.999699 0.125000 -0.024541
v -0.998795 -0.125000 -0.049068
v -0.998795 0.125000 -0.049068
v -0.997290 -0.125000 -0.073565
v -0.997290 0.125000 -0.073565
v -0.995185 -0.125000 -0.098017
v -0.995185 0.125000 -0.098017
v -0.992480 -0.125000 -0.122411
v -0.992480 0.125000 -0.122411
v -0.989177 -0.125000 -0.146730
v -0.989177 0.125000 -0.146730
v -0.985278 -0.125000 -0.170962
v -0.985278 0.125000 -0.170962
v -0.980785 -0.125000 -0.195090
v -0.980785 0.125000 -0.195090
v -0.975702 -0.125000 -0.219101
v -0.975702 0.125000 -0.219101
v -0.970031 -0.125000 -0.242980
v -0.970031 0.125000 -0.242980
v -0.963776 -0.125000 -0.266713
v -0.963776 0.125000 -0.266713
v -0.956940 -0.125000 -0.290285
v -0.956940 0.125000 -0.290285
v -0.949528 -0.125000 -0.313682
v -0.949528 0.125000 -0.313682
v -0.941544 -0.125000 -0.336890
v -0.941544 0.125000 -0.336890
v -0.932993 -0.125000 -0.359895
v -0.932993 0.125000 -0.359895
v -0.923880 -0.125000 -0.382683
v -0.923880 0.125000 -0.382683
v -0.914210 -0.125000 -0.405241
v -0.914210 0.125000 -0.405241
v -0.903989 -0.125000 -0.427555
v -0.903989 0.125000 -0.427555
v -0.893224 -0.125000 -0.449611
v -0.893224 0.125000 -0.449611
v -0.881921 -0.125000 -0.471397
v -0.881921 0.125000 -0.471397
v -0.870087 -0.125000 -0.492898
v -0.870087 0.125000 -0.492898
v -0.857729 -0.125000 -0.514103
v -0.857729 0.125000 -0.514103
v -0.844854 -0.125000 -0.534998
v -0.844854 0.125000 -0.534998
v -0.831470 -0.125000 -0.555570
v -0.831470 0.125000 -0.555570
v -0.817585 -0.125000 -0.575808
v -0.817585 0.125000 -0.575808
v -0.803208 -0.125000 -0.595699
v -0.803208 0.125000 -0.595699
v -0.788346 -0.125000 -0.615232
v -0.788346 0.125000 -0.615232
v -0.773010 -0.125000 -0.634393
v -0.773010 0.125000 -0.634393
v -0.757209 -0.125000 -0.653173
v -0.757209 0.125000 -0.653173
v -0.740951 -0.125000 -0.671559
v -0.740951 0.125000 -0.671559
v -0.724247 -0.125000 -0.689541
v -0.724247 0.125000 -0.689541
v -0.707107 -0.125000 -0.707107
v -0.707107 0.125000 -0.707107
v -0.689541 -0.125000 -0.724247
v -0.689541 0.125000 -0.724247
v -0.671559 -0.125000 -0.740951
v -0.671559 0.125000 -0.740951
v -0.653173 -0.125000 -0.757209
v -0.653173 0.125000 -0.757209
v -0.634393 -0.125000 -0.773010
v -0.634393 0.125000 -0.773010
v -0.615232 -0.125000 -0.788346
v -0.615232 0.125000 -0.788346
v -0.595699 -0.125000 -0.803208
v -0.595699 0.125000 -0.803208
v -0.575808 -0.125000 -0.817585
v -0.575808 0.125000 -0.817585
v -0.555570 -0.125000 -0.831470
v -0.555570 0.125000 -0.831470
v -0.534998 -0.125000 -0.844854
v -0.534998 0.125000 -0.844854
v -0.514103 -0.125000 -0.857729
v -0.514103 0.125000 -0.857729
v -0.492898 -0.125000 -0.870087
v -0.492898 0.125000 -0.870087
v -0.471397 -0.125000 -0.881921
v -0.471397 0.125000 -0.881921
v -0.449611 -0.125000 -0.893224
v -0.449611 0.125000 -0.893224
v -0.427555 -0.125000 -0.903989
v -0.427555 0.125000 -0.903989
v -0.405241 -0.125000 -0.914210
v -0.405241 0.125000 -0.914210
v -0.382683 -0.125000 -0.923880
v -0.382683 0.125000 -0.923880
v -0.359895 -0.125000 -0.932993
v -0.359895 0.125000 -0.932993
v -0.336890 -0.125000 -0.941544
v -0.336890 0.125000 -0.941544
v -0.313682 -0.125000 -0.949528
v -0.313682 0.125000 -0.949528
v -0.290285 -0.125000 -0.956940
v -0.290285 0.125000 -0.956940
v -0.266713 -0.125000 -0.963776
v -0.266713 0.125000 -0.963776
v -0.242980 -0.125000 -0.970031
v -0.242980 0.125000 -0.970031
v -0.219101 -0.125000 -0.975702
v -0.219101 0.125000 -0.975702
v -0.195090 -0.125000 -0.980785
v -0.195090 0.125000 -0.980785
v -0.170962 -0.125000 -0.985278
v -0.170962 0.125000 -0.985278
v -0.146730 -0.125000 -0.989177
v -0.146730 0.125000 -0.989177
v -0.122411 -0.125000 -0.992480
v -0.122411 0.125000 -0.992480
v -0.098017 -0.125000 -0.995185
v -0.098017 0.125000 -0.995185
v -0.073565 -0.125000 -0.997290
v -0.073565 0.125000 -0.997290
v -0.049068 -0.125000 -0.998795
v -0.049068 0.125000 -0.998795
v -0.024541 -0.125000 -0.999699
v -0.024541 0.125000 -0.999699
v -0.508248 0.125000 -0.802611
v -0.468253 0.125000 -0.826583
v -0.488398 0.125000 -0.814842
v -0.406177 0.125000 -0.858790
v -0.427131 0.125000 -0.848563
v -0.341900 0.125000 -0.886343
v -0.363549 0.125000 -0.877686
v -0.384979 0.125000 -0.868499
v -0.447827 0.125000 -0.837825
v -0.297998 0.125000 -0.902052
v -0.320045 0.125000 -0.894467
v -0.230831 0.125000 -0.921530
v -0.253377 0.125000 -0.915587
v -0.275770 0.125000 -0.909093
v -0.185336 0.125000 -0.931746
v -0.139394 0.125000 -0.939718
v -0.116290 0.125000 -0.942856
v -0.162414 0.125000 -0.936014
v -0.208146 0.125000 -0.926917
v -0.926917 0.125000 -0.208146
v -0.915587 0.125000 -0.253377
v -0.921530 0.125000 -0.230831
v -0.902052 0.125000 -0.297998
v -0.894467 0.125000 -0.320045
v -0.886343 0.125000 -0.341900
v -0.877686 0.125000 -0.363549
v -0.868499 0.125000 -0.384979
v -0.909093 0.125000 -0.275770
v -0.848563 0.125000 -0.427131
v -0.858790 0.125000 -0.406177
v -0.814842 0.125000 -0.488398
v -0.826583 0.125000 -0.468253
v -0.837825 0.125000 -0.447827
v -0.789896 0.125000 -0.527792
v -0.763047 0.125000 -0.565914
v -0.748929 0.125000 -0.584470
v -0.776706 0.125000 -0.547018
v -0.802611 0.125000 -0.508248
v -0.942856 0.125000 0.116290
v -0.936014 0.125000 0.162414
v -0.931746 0.125000 0.185336
v -0.939718 0.125000 0.139394
v -0.921530 0.125000 0.230831
v -0.926917 0.125000 0.208146
v -0.902052 0.125000 0.297998
v -0.909093 0.125000 0.275770
v -0.915587 0.125000 0.253377
v -0.886343 0.125000 0.341900
v -0.868499 0.125000 0.384979
v -0.858790 0.125000 0.406177
v -0.877686 0.125000 0.363549
v -0.826583 0.125000 0.468253
v -0.837825 0.125000 0.447827
v -0.814842 0.125000 0.488398
v -0.802611 0.125000 0.508248
v -0.848563 0.125000 0.427131
v -0.894467 0.125000 0.320045
v -0.565914 0.125000 0.763047
v -0.584470 0.125000 0.748929
v -0.527792 0.125000 0.789896
v -0.547018 0.125000 0.776706
v -0.488398 0.125000 0.814842
v -0.447827 0.125000 0.837825
v -0.427131 0.125000 0.848563
v -0.508248 0.125000 0.802611
v -0.468253 0.125000 0.826583
v -0.384979 0.125000 0.868499
v -0.341900 0.125000 0.886343
v -0.320045 0.125000 0.894467
v -0.363549 0.125000 0.877686
v -0.253377 0.125000 0.915587
v -0.275770 0.125000 0.909093
v -0.230831 0.125000 0.921530
v -0.208146 0.125000 0.926917
v -0.297998 0.125000 0.902052
v -0.406177 0.125000 0.858790
v 0.139394 0.125000 0.939718
v 0.116290 0.125000 0.942856
v 0.185336 0.125000 0.931746
v 0.162414 0.125000 0.936014
v 0.230831 0.125000 0.921530
v 0.275770 0.125000 0.909093
v 0.297998 0.125000 0.902052
v 0.253377 0.125000 0.915587
v 0.208146 0.125000 0.926917
v 0.363549 0.125000 0.877686
v 0.341900 0.125000 0.886343
v 0.384979 0.125000 0.868499
v 0.406177 0.125000 0.858790
v 0.427131 0.125000 0.848563
v 0.468253 0.125000 0.826583
v 0.447827 0.125000 0.837825
v 0.488398 0.125000 0.814842
v 0.508248 0.125000 0.802611
v 0.320045 0.125000 0.894467
v 0.763047 0.125000 0.565914
v 0.748929 0.125000 0.584470
v 0.789896 0.125000 0.527792
v 0.776706 0.125000 0.547018
v 0.814842 0.125000 0.488398
v 0.837825 0.125000 0.447827
v 0.848563 0.125000 0.427131
v 0.826583 0.125000 0.468253
v 0.802611 0.125000 0.508248
v 0.877686 0.125000 0.363549
v 0.868499 0.125000 0.384979
v 0.902052 0.125000 0.297998
v 0.894467 0.125000 0.320045
v 0.886343 0.125000 0.341900
v 0.915587 0.125000 0.253377
v 0.909093 0.125000 0.275770
v 0.921530 0.125000 0.230831
v 0.926917 0.125000 0.208146
v 0.858790 0.125000 0.406177
v 0.802611 0.125000 -0.508248
v 0.826583 0.125000 -0.468253
v 0.814842 0.125000 -0.488398
v 0.858790 0.125000 -0.406177
v 0.848563 0.125000 -0.427131
v 0.886343 0.125000 -0.341900
v 0.877686 0.125000 -0.363549
v 0.868499 0.125000 -0.384979
v 0.837825 0.125000 -0.447827
v 0.902052 0.125000 -0.297998
v 0.915587 0.125000 -0.253377
v 0.921530 0.125000 -0.230831
v 0.909093 0.125000 -0.275770
v 0.936014 0.125000 -0.162414
v 0.931746 0.125000 -0.185336
v 0.942856 0.125000 -0.116290
v 0.939718 0.125000 -0.139394
v 0.926917 0.125000 -0.208146
v 0.894467 0.125000 -0.320045
v 0.208146 0.125000 -0.926917
v 0.253377 0.125000 -0.915587
v 0.230831 0.125000 -0.921530
v 0.320045 0.125000 -0.894467
v 0.297998 0.125000 -0.902052
v 0.384979 0.125000 -0.868499
v 0.363549 0.125000 -0.877686
v 0.341900 0.125000 -0.886343
v 0.275770 0.125000 -0.909093
v 0.427131 0.125000 -0.848563
v 0.406177 0.125000 -0.858790
v 0.488398 0.125000 -0.814842
v 0.468253 0.125000 -0.826583
v 0.447827 0.125000 -0.837825
v 0.527792 0.125000 -0.789896
v 0.565914 0.125000 -0.763047
v 0.584470 0.125000 -0.748929
v 0.547018 0.125000 -0.776706
v 0.508248 0.125000 -0.802611
v -0.942856 0.125000 -0.116290
v -0.939718 0.125000 -0.139394
v -0.936014 0.125000 -0.162414
v -0.931746 0.125000 -0.185336
v -0.703904 0.125000 -0.637981
v -0.719348 0.125000 -0.620514
v -0.655064 0.125000 -0.688035
v -0.671751 0.125000 -0.671751
v -0.688035 0.125000 -0.655064
v -0.734360 0.125000 -0.602674
v -0.602674 0.125000 -0.734360
v -0.620514 0.125000 -0.719348
v -0.547018 0.125000 -0.776706
v -0.565914 0.125000 -0.763047
v -0.584470 0.125000 -0.748929
v -0.093116 0.125000 -0.945425
v -0.046614 0.125000 -0.948856
v -0.023314 0.125000 -0.949714
v -0.069886 0.125000 -0.947426
v -0.527792 0.125000 -0.789896
v -0.637981 0.125000 -0.703904
v -0.948856 0.125000 0.046614
v -0.949714 0.125000 0.023314
v -0.947426 0.125000 0.069886
v -0.945425 0.125000 0.093116
v -0.763047 0.125000 0.565914
v -0.776706 0.125000 0.547018
v -0.748929 0.125000 0.584470
v -0.719348 0.125000 0.620514
v -0.734360 0.125000 0.602674
v -0.789896 0.125000 0.527792
v -0.671751 0.125000 0.671751
v -0.688035 0.125000 0.655064
v -0.620514 0.125000 0.719348
v -0.637981 0.125000 0.703904
v -0.655064 0.125000 0.688035
v -0.185336 0.125000 0.931746
v -0.139394 0.125000 0.939718
v -0.116290 0.125000 0.942856
v -0.162414 0.125000 0.936014
v -0.602674 0.125000 0.734360
v -0.703904 0.125000 0.637981
v 0.046614 0.125000 0.948856
v 0.023314 0.125000 0.949714
v 0.069886 0.125000 0.947426
v 0.093116 0.125000 0.945425
v 0.565914 0.125000 0.763047
v 0.547018 0.125000 0.776706
v 0.620514 0.125000 0.719348
v 0.602674 0.125000 0.734360
v 0.584470 0.125000 0.748929
v 0.527792 0.125000 0.789896
v 0.655064 0.125000 0.688035
v 0.671751 0.125000 0.671751
v 0.719348 0.125000 0.620514
v 0.703904 0.125000 0.637981
v 0.734360 0.125000 0.602674
v 0.688035 0.125000 0.655064
v 0.931746 0.125000 0.185336
v 0.939718 0.125000 0.139394
v 0.942856 0.125000 0.116290
v 0.936014 0.125000 0.162414
v 0.637981 0.125000 0.703904
v 0.116290 0.125000 -0.942856
v 0.139394 0.125000 -0.939718
v 0.162414 0.125000 -0.936014
v 0.185336 0.125000 -0.931746
v 0.637981 0.125000 -0.703904
v 0.620514 0.125000 -0.719348
v 0.688035 0.125000 -0.655064
v 0.671751 0.125000 -0.671751
v 0.655064 0.125000 -0.688035
v 0.602674 0.125000 -0.734360
v 0.719348 0.125000 -0.620514
v 0.734360 0.125000 -0.602674
v 0.776706 0.125000 -0.547018
v 0.763047 0.125000 -0.565914
v 0.748929 0.125000 -0.584470
v 0.789896 0.125000 -0.527792
v 0.945425 0.125000 -0.093116
v 0.948856 0.125000 -0.046614
v 0.949714 0.125000 -0.023314
v 0.947426 0.125000 -0.069886
v 0.703904 0.125000 -0.637981
v -0.950000 0.125000 0.000000
v -0.949714 0.125000 -0.023314
v -0.945425 0.125000 -0.093116
v -0.947426 0.125000 -0.069886
v -0.948856 0.125000 -0.046614
v -0.046614 0.125000 0.948856
v -0.093116 0.125000 0.945425
v -0.069886 0.125000 0.947426
v 0.000000 0.125000 -0.950000
v 0.023314 0.125000 -0.949714
v 0.000000 0.125000 0.950000
v -0.023314 0.125000 0.949714
v 0.069886 0.125000 -0.947426
v 0.046614 0.125000 -0.948856
v 0.947426 0.125000 0.069886
v 0.945425 0.125000 0.093116
v 0.950000 0.125000 0.000000
v 0.948856 0.125000 0.046614
v 0.949714 0.125000 0.023314
v 0.093116 0.125000 -0.945425
v 0.139394 -0.125000 -0.939718
v 0.162414 -0.125000 -0.936014
v 0.208146 -0.125000 -0.926917
v 0.185336 -0.125000 -0.931746
v 0.253377 -0.125000 -0.915587
v 0.297998 -0.125000 -0.902052
v 0.320045 -0.125000 -0.894467
v 0.275770 -0.125000 -0.909093
v 0.230831 -0.125000 -0.921530
v 0.363549 -0.125000 -0.877686
v 0.384979 -0.125000 -0.868499
v 0.406177 -0.125000 -0.858790
v 0.427131 -0.125000 -0.848563
v 0.447827 -0.125000 -0.837825
v 0.488398 -0.125000 -0.814842
v 0.468253 -0.125000 -0.826583
v 0.527792 -0.125000 -0.789896
v 0.508248 -0.125000 -0.802611
v 0.341900 -0.125000 -0.886343
v 0.763047 -0.125000 -0.565914
v 0.776706 -0.125000 -0.547018
v 0.802611 -0.125000 -0.508248
v 0.789896 -0.125000 -0.527792
v 0.826583 -0.125000 -0.468253
v 0.848563 -0.125000 -0.427131
v 0.858790 -0.125000 -0.406177
v 0.837825 -0.125000 -0.447827
v 0.814842 -0.125000 -0.488398
v 0.886343 -0.125000 -0.341900
v 0.877686 -0.125000 -0.363549
v 0.909093 -0.125000 -0.275770
v 0.902052 -0.125000 -0.297998
v 0.894467 -0.125000 -0.320045
v 0.921530 -0.125000 -0.230831
v 0.915587 -0.125000 -0.253377
v 0.931746 -0.125000 -0.185336
v 0.926917 -0.125000 -0.208146
v 0.868499 -0.125000 -0.384979
v 0.789896 -0.125000 0.527792
v 0.814842 -0.125000 0.488398
v 0.802611 -0.125000 0.508248
v 0.848563 -0.125000 0.427131
v 0.837825 -0.125000 0.447827
v 0.877686 -0.125000 0.363549
v 0.868499 -0.125000 0.384979
v 0.858790 -0.125000 0.406177
v 0.826583 -0.125000 0.468253
v 0.894467 -0.125000 0.320045
v 0.909093 -0.125000 0.275770
v 0.915587 -0.125000 0.253377
v 0.902052 -0.125000 0.297998
v 0.931746 -0.125000 0.185336
v 0.926917 -0.125000 0.208146
v 0.936014 -0.125000 0.162414
v 0.939718 -0.125000 0.139394
v 0.886343 -0.125000 0.341900
v 0.921530 -0.125000 0.230831
v 0.185336 -0.125000 0.931746
v 0.230831 -0.125000 0.921530
v 0.208146 -0.125000 0.926917
v 0.297998 -0.125000 0.902052
v 0.275770 -0.125000 0.909093
v 0.363549 -0.125000 0.877686
v 0.341900 -0.125000 0.886343
v 0.320045 -0.125000 0.894467
v 0.253377 -0.125000 0.915587
v 0.406177 -0.125000 0.858790
v 0.384979 -0.125000 0.868499
v 0.468253 -0.125000 0.826583
v 0.447827 -0.125000 0.837825
v 0.427131 -0.125000 0.848563
v 0.508248 -0.125000 0.802611
v 0.547018 -0.125000 0.776706
v 0.565914 -0.125000 0.763047
v 0.527792 -0.125000 0.789896
v 0.488398 -0.125000 0.814842
v -0.527792 -0.125000 0.789896
v -0.488398 -0.125000 0.814842
v -0.508248 -0.125000 0.802611
v -0.427131 -0.125000 0.848563
v -0.447827 -0.125000 0.837825
v -0.363549 -0.125000 0.877686
v -0.406177 -0.125000 0.858790
v -0.384979 -0.125000 0.868499
v -0.468253 -0.125000 0.826583
v -0.320045 -0.125000 0.894467
v -0.341900 -0.125000 0.886343
v -0.253377 -0.125000 0.915587
v -0.275770 -0.125000 0.909093
v -0.297998 -0.125000 0.902052
v -0.208146 -0.125000 0.926917
v -0.162414 -0.125000 0.936014
v -0.139394 -0.125000 0.939718
v -0.185336 -0.125000 0.931746
v -0.230831 -0.125000 0.921530
v -0.931746 -0.125000 0.185336
v -0.921530 -0.125000 0.230831
v -0.926917 -0.125000 0.208146
v -0.902052 -0.125000 0.297998
v -0.909093 -0.125000 0.275770
v -0.894467 -0.125000 0.320045
v -0.886343 -0.125000 0.341900
v -0.877686 -0.125000 0.363549
v -0.915587 -0.125000 0.253377
v -0.858790 -0.125000 0.406177
v -0.868499 -0.125000 0.384979
v -0.826583 -0.125000 0.468253
v -0.837825 -0.125000 0.447827
v -0.848563 -0.125000 0.427131
v -0.802611 -0.125000 0.508248
v -0.776706 -0.125000 0.547018
v -0.763047 -0.125000 0.565914
v -0.789896 -0.125000 0.527792
v -0.814842 -0.125000 0.488398
v -0.939718 -0.125000 -0.139394
v -0.936014 -0.125000 -0.162414
v -0.931746 -0.125000 -0.185336
v -0.926917 -0.125000 -0.208146
v -0.915587 -0.125000 -0.253377
v -0.921530 -0.125000 -0.230831
v -0.894467 -0.125000 -0.320045
v -0.902052 -0.125000 -0.297998
v -0.909093 -0.125000 -0.275770
v -0.877686 -0.125000 -0.363549
v -0.858790 -0.125000 -0.406177
v -0.848563 -0.125000 -0.427131
v -0.868499 -0.125000 -0.384979
v -0.814842 -0.125000 -0.488398
v -0.826583 -0.125000 -0.468253
v -0.789896 -0.125000 -0.527792
v -0.802611 -0.125000 -0.508248
v -0.837825 -0.125000 -0.447827
v -0.886343 -0.125000 -0.341900
v -0.565914 -0.125000 -0.763047
v -0.547018 -0.125000 -0.776706
v -0.508248 -0.125000 -0.802611
v -0.527792 -0.125000 -0.789896
v -0.468253 -0.125000 -0.826583
v -0.427131 -0.125000 -0.848563
v -0.406177 -0.125000 -0.858790
v -0.447827 -0.125000 -0.837825
v -0.488398 -0.125000 -0.814842
v -0.363549 -0.125000 -0.877686
v -0.320045 -0.125000 -0.894467
v -0.297998 -0.125000 -0.902052
v -0.341900 -0.125000 -0.886343
v -0.230831 -0.125000 -0.921530
v -0.253377 -0.125000 -0.915587
v -0.185336 -0.125000 -0.931746
v -0.208146 -0.125000 -0.926917
v -0.275770 -0.125000 -0.909093
v -0.384979 -0.125000 -0.868499
v 0.046614 -0.125000 -0.948856
v 0.069886 -0.125000 -0.947426
v 0.093116 -0.125000 -0.945425
v 0.116290 -0.125000 -0.942856
v 0.584470 -0.125000 -0.748929
v 0.565914 -0.125000 -0.763047
v 0.637981 -0.125000 -0.703904
v 0.620514 -0.125000 -0.719348
v 0.602674 -0.125000 -0.734360
v 0.547018 -0.125000 -0.776706
v 0.671751 -0.125000 -0.671751
v 0.688035 -0.125000 -0.655064
v 0.734360 -0.125000 -0.602674
v 0.719348 -0.125000 -0.620514
v 0.703904 -0.125000 -0.637981
v 0.748929 -0.125000 -0.584470
v 0.936014 -0.125000 -0.162414
v 0.942856 -0.125000 -0.116290
v 0.945425 -0.125000 -0.093116
v 0.939718 -0.125000 -0.139394
v 0.655064 -0.125000 -0.688035
v 0.116290 -0.125000 0.942856
v 0.093116 -0.125000 0.945425
v 0.139394 -0.125000 0.939718
v 0.162414 -0.125000 0.936014
v 0.620514 -0.125000 0.719348
v 0.602674 -0.125000 0.734360
v 0.671751 -0.125000 0.671751
v 0.655064 -0.125000 0.688035
v 0.637981 -0.125000 0.703904
v 0.584470 -0.125000 0.748929
v 0.703904 -0.125000 0.637981
v 0.719348 -0.125000 0.620514
v 0.763047 -0.125000 0.565914
v 0.748929 -0.125000 0.584470
v 0.776706 -0.125000 0.547018
v 0.734360 -0.125000 0.602674
v 0.942856 -0.125000 0.116290
v 0.947426 -0.125000 0.069886
v 0.948856 -0.125000 0.046614
v 0.945425 -0.125000 0.093116
v 0.688035 -0.125000 0.655064
v -0.942856 -0.125000 0.116290
v -0.945425 -0.125000 0.093116
v -0.939718 -0.125000 0.139394
v -0.936014 -0.125000 0.162414
v -0.719348 -0.125000 0.620514
v -0.734360 -0.125000 0.602674
v -0.703904 -0.125000 0.637981
v -0.671751 -0.125000 0.671751
v -0.688035 -0.125000 0.655064
v -0.748929 -0.125000 0.584470
v -0.620514 -0.125000 0.719348
v -0.637981 -0.125000 0.703904
v -0.565914 -0.125000 0.763047
v -0.584470 -0.125000 0.748929
v -0.602674 -0.125000 0.734360
v -0.116290 -0.125000 0.942856
v -0.069886 -0.125000 0.947426
v -0.046614 -0.125000 0.948856
v -0.093116 -0.125000 0.945425
v -0.547018 -0.125000 0.776706
v -0.655064 -0.125000 0.688035
v -0.948856 -0.125000 -0.046614
v -0.947426 -0.125000 -0.069886
v -0.945425 -0.125000 -0.093116
v -0.942856 -0.125000 -0.116290
v -0.748929 -0.125000 -0.584470
v -0.763047 -0.125000 -0.565914
v -0.734360 -0.125000 -0.602674
v -0.703904 -0.125000 -0.637981
v -0.719348 -0.125000 -0.620514
v -0.776706 -0.125000 -0.547018
v -0.655064 -0.125000 -0.688035
v -0.671751 -0.125000 -0.671751
v -0.602674 -0.125000 -0.734360
v -0.620514 -0.125000 -0.719348
v -0.637981 -0.125000 -0.703904
v -0.162414 -0.125000 -0.936014
v -0.116290 -0.125000 -0.942856
v -0.093116 -0.125000 -0.945425
v -0.139394 -0.125000 -0.939718
v -0.584470 -0.125000 -0.748929
v -0.688035 -0.125000 -0.655064
v -0.023314 -0.125000 -0.949714
v 0.000000 -0.125000 -0.950000
v 0.046614 -0.125000 0.948856
v 0.023314 -0.125000 -0.949714
v 0.948856 -0.125000 -0.046614
v 0.947426 -0.125000 -0.069886
v 0.950000 -0.125000 0.000000
v 0.949714 -0.125000 0.023314
v 0.949714 -0.125000 -0.023314
v 0.069886 -0.125000 0.947426
v -0.950000 -0.125000 0.000000
v -0.949714 -0.125000 0.023314
v -0.949714 -0.125000 -0.023314
v -0.947426 -0.125000 0.069886
v -0.948856 -0.125000 0.046614
v -0.046614 -0.125000 -0.948856
v -0.069886 -0.125000 -0.947426
v 0.023314 -0.125000 0.949714
v -0.023314 -0.125000 0.949714
v 0.000000 -0.125000 0.950000
vn -0.0000 -0.0000 -1.0000
vn 0.0245 -0.0000 -0.9997
vn 0.0491 -0.0000 -0.9988
vn 0.0736 -0.0000 -0.9973
vn 0.0980 -0.0000 -0.9952
vn 0.1224 -0.0000 -0.9925
vn 0.1467 -0.0000 -0.9892
vn 0.1710 -0.0000 -0.9853
vn 0.1951 -0.0000 -0.9808
vn 0.2191 -0.0000 -0.9757
vn 0.2430 -0.0000 -0.9700
vn 0.2667 -0.0000 -0.9638
vn 0.2903 -0.0000 -0.9569
vn 0.3137 -0.0000 -0.9495
vn 0.3369 -0.0000 -0.9415
vn 0.3599 -0.0000 -0.9330
vn 0.3827 -0.0000 -0.9239
vn 0.4052 -0.0000 -0.9142
vn 0.4276 -0.0000 -0.9040
vn 0.4496 -0.0000 -0.8932
vn 0.4714 -0.0000 -0.8819
vn 0.4929 -0.0000 -0.8701
vn 0.5141 -0.0000 -0.8577
vn 0.5350 -0.0000 -0.8449
vn 0.5556 -0.0000 -0.8315
vn 0.5758 -0.0000 -0.8176
vn 0.5957 -0.0000 -0.8032
vn 0.6152 -0.0000 -0.7883
vn 0.6344 -0.0000 -0.7730
vn 0.6532 -0.0000 -0.7572
vn 0.6716 -0.0000 -0.7410
vn 0.6895 -0.0000 -0.7242
vn 0.7071 -0.0000 -0.7071
vn 0.7242 -0.0000 -0.6895
vn 0.7410 -0.0000 -0.6716
vn 0.7572 -0.0000 -0.6532
vn 0.7730 -0.0000 -0.6344
vn 0.7883 -0.0000 -0.6152
vn 0.8032 -0.0000 -0.5957
vn 0.8176 -0.0000 -0.5758
vn 0.8315 -0.0000 -0.5556
vn 0.8449 -0.0000 -0.5350
vn 0.8577 -0.0000 -0.5141
vn 0.8701 -0.0000 -0.4929
vn 0.8819 -0.0000 -0.4714
vn 0.8932 -0.0000 -0.4496
vn 0.9040 -0.0000 -0.4276
vn 0.9142 -0.0000 -0.4052
vn 0.9239 -0.0000 -0.3827
vn 0.9330 -0.0000 -0.3599
vn 0.9415 -0.0000 -0.3369
vn 0.9495 -0.0000 -0.3137
vn 0.9569 -0.0000 -0.2903
vn 0.9638 -0.0000 -0.2667
vn 0.9700 -0.0000 -0.2430
vn 0.9757 -0.0000 -0.2191
vn 0.9808 -0.0000 -0.1951
vn 0.9853 -0.0000 -0.1710
vn 0.9892 -0.0000 -0.1467
vn 0.9925 -0.0000 -0.1224
vn 0.9952 -0.0000 -0.0980
vn 0.9973 -0.0000 -0.0736
vn 0.9988 -0.0000 -0.0491
vn 0.9997 -0.0000 -0.0245
vn 1.0000 -0.0000 -0.0000
vn 0.9997 -0.0000 0.0245
vn 0.9988 -0.0000 0.0491
vn 0.9973 -0.0000 0.0736
vn 0.9952 -0.0000 0.0980
vn 0.9925 -0.0000 0.1224
vn 0.9892 -0.0000 0.1467
vn 0.9853 -0.0000 0.1710
vn 0.9808 -0.0000 0.1951
vn 0.9757 -0.0000 0.2191
vn 0.9700 -0.0000 0.2430
vn 0.9638 -0.0000 0.2667
vn 0.9569 -0.0000 0.2903
vn 0.9495 -0.0000 0.3137
vn 0.9415 -0.0000 0.3369
vn 0.9330 -0.0000 0.3599
vn 0.9239 -0.0000 0.3827
vn 0.9142 -0.0000 0.4052
vn 0.9040 -0.0000 0.4276
vn 0.8932 -0.0000 0.4496
vn 0.8819 -0.0000 0.4714
vn 0.8701 -0.0000 0.4929
vn 0.8577 -0.0000 0.5141
vn 0.8449 -0.0000 0.5350
vn 0.8315 -0.0000 0.5556
vn 0.8176 -0.0000 0.5758
vn 0.8032 -0.0000 0.5957
vn 0.7883 -0.0000 0.6152
vn 0.7730 -0.0000 0.6344
vn 0.7572 -0.0000 0.6532
vn 0.7410 -0.0000 0.6716
vn 0.7242 -0.0000 0.6895
vn 0.7071 -0.0000 0.7071
vn 0.6895 -0.0000 0.7242
vn 0.6716 -0.0000 0.7410
vn 0.6532 -0.0000 0.7572
vn 0.6344 -0.0000 0.7730
vn 0.6152 -0.0000 0.7883
vn 0.5957 -0.0000 0.8032
vn 0.5758 -0.0000 0.8176
vn 0.5556 -0.0000 0.8315
vn 0.5350 -0.0000 0.8449
vn 0.5141 -0.0000 0.8577
vn 0.4929 -0.0000 0.8701
vn 0.4714 -0.0000 0.8819
vn 0.4496 -0.0000 0.8932
vn 0.4276 -0.0000 0.9040
vn 0.4052 -0.0000 0.9142
vn 0.3827 -0.0000 0.9239
vn 0.3599 -0.0000 0.9330
vn 0.3369 -0.0000 0.9415
vn 0.3137 -0.0000 0.9495
vn 0.2903 -0.0000 0.9569
vn 0.2667 -0.0000 0.9638
vn 0.2430 -0.0000 0.9700
vn 0.2191 -0.0000 0.9757
vn 0.1951 -0.0000 0.9808
vn 0.1710 -0.0000 0.9853
vn 0.1467 -0.0000 0.9892
vn 0.1224 -0.0000 0.9925
vn 0.0980 -0.0000 0.9952
vn 0.0736 -0.0000 0.9973
vn 0.0491 -0.0000 0.9988
vn 0.0245 -0.0000 0.9997
vn -0.0000 -0.0000 1.0000
vn -0.0245 -0.0000 0.9997
vn -0.0491 -0.0000 0.9988
vn -0.0736 -0.0000 0.9973
vn -0.0980 -0.0000 0.9952
vn -0.1224 -0.0000 0.9925
vn -0.1467 -0.0000 0.9892
vn -0.1710 -0.0000 0.9853
vn -0.1951 -0.0000 0.9808
vn -0.2191 -0.0000 0.9757
vn -0.2430 -0.0000 0.9700
vn -0.2667 -0.0000 0.9638
vn -0.2903 -0.0000 0.9569
vn -0.3137 -0.0000 0.9495
vn -0.3369 -0.0000 0.9415
vn -0.3599 -0.0000 0.9330
vn -0.3827 -0.0000 0.9239
vn -0.4052 -0.0000 0.9142
vn -0.4276 -0.0000 0.9040
vn -0.4496 -0.0000 0.8932
vn -0.4714 -0.0000 0.8819
vn -0.4929 -0.0000 0.8701
vn -0.5141 -0.0000 0.8577
vn -0.5350 -0.0000 0.8449
vn -0.5556 -0.0000 0.8315
vn -0.5758 -0.0000 0.8176
vn -0.5957 -0.0000 0.8032
vn -0.6152 -0.0000 0.7883
vn -0.6344 -0.0000 0.7730
vn -0.6532 -0.0000 0.7572
vn -0.6716 -0.0000 0.7410
vn -0.6895 -0.0000 0.7242
vn -0.7071 -0.0000 0.7071
vn -0.7242 -0.0000 0.6895
vn -0.7410 -0.0000 0.6716
vn -0.7572 -0.0000 0.6532
vn -0.7730 -0.0000 0.6344
vn -0.7883 -0.0000 0.6152
vn -0.8032 -0.0000 0.5957
vn -0.8176 -0.0000 0.5758
vn -0.8315 -0.0000 0.5556
vn -0.8449 -0.0000 0.5350
vn -0.8577 -0.0000 0.5141
vn -0.8701 -0.0000 0.4929
vn -0.8819 -0.0000 0.4714
vn -0.8932 -0.0000 0.4496
vn -0.9040 -0.0000 0.4276
vn -0.9142 -0.0000 0.4052
vn -0.9239 -0.0000 0.3827
vn -0.9330 -0.0000 0.3599
vn -0.9415 -0.0000 0.3369
vn -0.9495 -0.0000 0.3137
vn -0.9569 -0.0000 0.2903
vn -0.9638 -0.0000 0.2667
vn -0.9700 -0.0000 0.2430
vn -0.9757 -0.0000 0.2191
vn -0.9808 -0.0000 0.1951
vn -0.9853 -0.0000 0.1710
vn -0.9892 -0.0000 0.1467
vn -0.9925 -0.0000 0.1224
vn -0.9952 -0.0000 0.0980
vn -0.9973 -0.0000 0.0736
vn -0.9988 -0.0000 0.0491
vn -0.9997 -0.0000 0.0245
vn -1.0000 -0.0000 -0.0000
vn -0.9997 -0.0000 -0.0245
vn -0.9988 -0.0000 -0.0491
vn -0.9973 -0.0000 -0.0736
vn -0.9952 -0.0000 -0.0980
vn -0.9925 -0.0000 -0.1224
vn -0.9892 -0.0000 -0.1467
vn -0.9853 -0.0000 -0.1710
vn -0.9808 -0.0000 -0.1951
vn -0.9757 -0.0000 -0.2191
vn -0.9700 -0.0000 -0.2430
vn -0.9638 -0.0000 -0.2667
vn -0.9569 -0.0000 -0.2903
vn -0.9495 -0.0000 -0.3137
vn -0.9415 -0.0000 -0.3369
vn -0.9330 -0.0000 -0.3599
vn -0.9239 -0.0000 -0.3827
vn -0.9142 -0.0000 -0.4052
vn -0.9040 -0.0000 -0.4276
vn -0.8932 -0.0000 -0.4496
vn -0.8819 -0.0000 -0.4714
vn -0.8701 -0.0000 -0.4929
vn -0.8577 -0.0000 -0.5141
vn -0.8449 -0.0000 -0.5350
vn -0.8315 -0.0000 -0.5556
vn -0.8176 -0.0000 -0.5758
vn -0.8032 -0.0000 -0.5957
vn -0.7883 -0.0000 -0.6152
vn -0.7730 -0.0000 -0.6344
vn -0.7572 -0.0000 -0.6532
vn -0.7410 -0.0000 -0.6716
vn -0.7242 -0.0000 -0.6895
vn -0.7071 -0.0000 -0.7071
vn -0.6895 -0.0000 -0.7242
vn -0.6716 -0.0000 -0.7410
vn -0.6532 -0.0000 -0.7572
vn -0.6344 -0.0000 -0.7730
vn -0.6152 -0.0000 -0.7883
vn -0.5957 -0.0000 -0.8032
vn -0.5758 -0.0000 -0.8176
vn -0.5556 -0.0000 -0.8315
vn -0.5350 -0.0000 -0.8449
vn -0.5141 -0.0000 -0.8577
vn -0.4929 -0.0000 -0.8701
vn -0.4714 -0.0000 -0.8819
vn -0.4496 -0.0000 -0.8932
vn -0.4276 -0.0000 -0.9040
vn -0.4052 -0.0000 -0.9142
vn -0.3827 -0.0000 -0.9239
vn -0.3599 -0.0000 -0.9330
vn -0.3369 -0.0000 -0.9415
vn -0.3137 -0.0000 -0.9495
vn -0.2903 -0.0000 -0.9569
vn -0.2667 -0.0000 -0.9638
vn -0.2430 -0.0000 -0.9700
vn -0.2191 -0.0000 -0.9757
vn -0.1951 -0.0000 -0.9808
vn -0.1710 -0.0000 -0.9853
vn -0.1467 -0.0000 -0.9892
vn -0.1224 -0.0000 -0.9925
vn -0.0980 -0.0000 -0.9952
vn -0.0736 -0.0000 -0.9973
vn -0.0491 -0.0000 -0.9988
vn -0.0000 1.0000 -0.0000
vn -0.0245 -0.0000 -0.9997
vn -0.0000 -1.0000 -0.0000
vt 1.000000 1.000000
vt 0.996094 0.500000
vt 1.000000 0.500000
vt 0.996094 1.000000
vt 0.992188 0.500000
vt 0.992188 1.000000
vt 0.988281 0.500000
vt 0.988281 1.000000
vt 0.984375 0.500000
vt 0.984375 1.000000
vt 0.980469 0.500000
vt 0.980469 1.000000
vt 0.976562 0.500000
vt 0.976562 1.000000
vt 0.972656 0.500000
vt 0.972656 1.000000
vt 0.968750 0.500000
vt 0.968750 1.000000
vt 0.964844 0.500000
vt 0.964844 1.000000
vt 0.960938 0.500000
vt 0.960938 1.000000
vt 0.957031 0.500000
vt 0.957031 1.000000
vt 0.953125 0.500000
vt 0.953125 1.000000
vt 0.949219 0.500000
vt 0.949219 1.000000
vt 0.945312 0.500000
vt 0.945312 1.000000
vt 0.941406 0.500000
vt 0.941406 1.000000
vt 0.937500 0.500000
vt 0.937500 1.000000
vt 0.933594 0.500000
vt 0.933594 1.000000
vt 0.929688 0.500000
vt 0.929688 1.000000
vt 0.925781 0.500000
vt 0.925781 1.000000
vt 0.921875 0.500000
vt 0.921875 1.000000
vt 0.917969 0.500000
vt 0.917969 1.000000
vt 0.914062 0.500000
vt 0.914062 1.000000
vt 0.910156 0.500000
vt 0.910156 1.000000
vt 0.906250 0.500000
vt 0.906250 1.000000
vt 0.902344 0.500000
vt 0.902344 1.000000
vt 0.898438 0.500000
vt 0.898438 1.000000
vt 0.894531 0.500000
vt 0.894531 1.000000
vt 0.890625 0.500000
vt 0.890625 1.000000
vt 0.886719 0.500000
vt 0.886719 1.000000
vt 0.882812 0.500000
vt 0.882812 1.000000
vt 0.878906 0.500000
vt 0.878906 1.000000
vt 0.875000 0.500000
vt 0.875000 1.000000
vt 0.871094 0.500000
vt 0.871094 1.000000
vt 0.867188 0.500000
vt 0.867188 1.000000
vt 0.863281 0.500000
vt 0.863281 1.000000
vt 0.859375 0.500000
vt 0.859375 1.000000
vt 0.855469 0.500000
vt 0.855469 1.000000
vt 0.851562 0.500000
vt 0.851562 1.000000
vt 0.847656 0.500000
vt 0.847656 1.000000
vt 0.843750 0.500000
vt 0.843750 1.000000
vt 0.839844 0.500000
vt 0.839844 1.000000
vt 0.835938 0.500000
vt 0.835938 1.000000
vt 0.832031 0.500000
vt 0.832031 1.000000
vt 0.828125 0.500000
vt 0.828125 1.000000
vt 0.824219 0.500000
vt 0.824219 1.000000
vt 0.820312 0.500000
vt 0.820312 1.000000
vt 0.816406 0.500000
vt 0.816406 1.000000
vt 0.812500 0.500000
vt 0.812500 1.000000
vt 0.808594 0.500000
vt 0.808594 1.000000
vt 0.804688 0.500000
vt 0.804688 1.000000
vt 0.800781 0.500000
vt 0.800781 1.000000
vt 0.796875 0.500000
vt 0.796875 1.000000
vt 0.792969 0.500000
vt 0.792969 1.000000
vt 0.789062 0.500000
vt 0.789062 1.000000
vt 0.785156 0.500000
vt 0.785156 1.000000
vt 0.781250 0.500000
vt 0.781250 1.000000
vt 0.777344 0.500000
vt 0.777344 1.000000
vt 0.773438 0.500000
vt 0.773438 1.000000
vt 0.769531 0.500000
vt 0.769531 1.000000
vt 0.765625 0.500000
vt 0.765625 1.000000
vt 0.761719 0.500000
vt 0.761719 1.000000
vt 0.757812 0.500000
vt 0.757812 1.000000
vt 0.753906 0.500000
vt 0.753906 1.000000
vt 0.750000 0.500000
vt 0.750000 1.000000
vt 0.746094 0.500000
vt 0.746094 1.000000
vt 0.742188 0.500000
vt 0.742188 1.000000
vt 0.738281 0.500000
vt 0.738281 1.000000
vt 0.734375 0.500000
vt 0.734375 1.000000
vt 0.730469 0.500000
vt 0.730469 1.000000
vt 0.726562 0.500000
vt 0.726562 1.000000
vt 0.722656 0.500000
vt 0.722656 1.000000
vt 0.718750 0.500000
vt 0.718750 1.000000
vt 0.714844 0.500000
vt 0.714844 1.000000
vt 0.710938 0.500000
vt 0.710938 1.000000
vt 0.707031 0.500000
vt 0.707031 1.000000
vt 0.703125 0.500000
vt 0.703125 1.000000
vt 0.699219 0.500000
vt 0.699219 1.000000
vt 0.695312 0.500000
vt 0.695312 1.000000
vt 0.691406 0.500000
vt 0.691406 1.000000
vt 0.687500 0.500000
vt 0.687500 1.000000
vt 0.683594 0.500000
vt 0.683594 1.000000
vt 0.679688 0.500000
vt 0.679688 1.000000
vt 0.675781 0.500000
vt 0.675781 1.000000
vt 0.671875 0.500000
vt 0.671875 1.000000
vt 0.667969 0.500000
vt 0.667969 1.000000
vt 0.664062 0.500000
vt 0.664062 1.000000
vt 0.660156 0.500000
vt 0.660156 1.000000
vt 0.656250 0.500000
vt 0.656250 1.000000
vt 0.652344 0.500000
vt 0.652344 1.000000
vt 0.648438 0.500000
vt 0.648438 1.000000
vt 0.644531 0.500000
vt 0.644531 1.000000
vt 0.640625 0.500000
vt 0.640625 1.000000
vt 0.636719 0.500000
vt 0.636719 1.000000
vt 0.632812 0.500000
vt 0.632812 1.000000
vt 0.628906 0.500000
vt 0.628906 1.000000
vt 0.625000 0.500000
vt 0.625000 1.000000
vt 0.621094 0.500000
vt 0.621094 1.000000
vt 0.617188 0.500000
vt 0.617188 1.000000
vt 0.613281 0.500000
vt 0.613281 1.000000
vt 0.609375 0.500000
vt 0.609375 1.000000
vt 0.605469 0.500000
vt 0.605469 1.000000
vt 0.601562 0.500000
vt 0.601562 1.000000
vt 0.597656 0.500000
vt 0.597656 1.000000
vt 0.593750 0.500000
vt 0.593750 1.000000
vt 0.589844 0.500000
vt 0.589844 1.000000
vt 0.585938 0.500000
vt 0.585938 1.000000
vt 0.582031 0.500000
vt 0.582031 1.000000
vt 0.578125 0.500000
vt 0.578125 1.000000
vt 0.574219 0.500000
vt 0.574219 1.000000
vt 0.570312 0.500000
vt 0.570312 1.000000
vt 0.566406 0.500000
vt 0.566406 1.000000
vt 0.562500 0.500000
vt 0.562500 1.000000
vt 0.558594 0.500000
vt 0.558594 1.000000
vt 0.554688 0.500000
vt 0.554688 1.000000
vt 0.550781 0.500000
vt 0.550781 1.000000
vt 0.546875 0.500000
vt 0.546875 1.000000
vt 0.542969 0.500000
vt 0.542969 1.000000
vt 0.539062 0.500000
vt 0.539062 1.000000
vt 0.535156 0.500000
vt 0.535156 1.000000
vt 0.531250 0.500000
vt 0.531250 1.000000
vt 0.527344 0.500000
vt 0.527344 1.000000
vt 0.523438 0.500000
vt 0.523438 1.000000
vt 0.519531 0.500000
vt 0.519531 1.000000
vt 0.515625 0.500000
vt 0.515625 1.000000
vt 0.511719 0.500000
vt 0.511719 1.000000
vt 0.507812 0.500000
vt 0.507812 1.000000
vt 0.503906 0.500000
vt 0.503906 1.000000
vt 0.500000 0.500000
vt 0.500000 1.000000
vt 0.496094 0.500000
vt 0.496094 1.000000
vt 0.492188 0.500000
vt 0.492188 1.000000
vt 0.488281 0.500000
vt 0.488281 1.000000
vt 0.484375 0.500000
vt 0.484375 1.000000
vt 0.480469 0.500000
vt 0.480469 1.000000
vt 0.476562 0.500000
vt 0.476562 1.000000
vt 0.472656 0.500000
vt 0.472656 1.000000
vt 0.468750 0.500000
vt 0.468750 1.000000
vt 0.464844 0.500000
vt 0.464844 1.000000
vt 0.460938 0.500000
vt 0.460938 1.000000
vt 0.457031 0.500000
vt 0.457031 1.000000
vt 0.453125 0.500000
vt 0.453125 1.000000
vt 0.449219 0.500000
vt 0.449219 1.000000
vt 0.445312 0.500000
vt 0.445312 1.000000
vt 0.441406 0.500000
vt 0.441406 1.000000
vt 0.437500 0.500000
vt 0.437500 1.000000
vt 0.433594 0.500000
vt 0.433594 1.000000
vt 0.429688 0.500000
vt 0.429688 1.000000
vt 0.425781 0.500000
vt 0.425781 1.000000
vt 0.421875 0.500000
vt 0.421875 1.000000
vt 0.417969 0.500000
vt 0.417969 1.000000
vt 0.414062 0.500000
vt 0.414062 1.000000
vt 0.410156 0.500000
vt 0.410156 1.000000
vt 0.406250 0.500000
vt 0.406250 1.000000
vt 0.402344 0.500000
vt 0.402344 1.000000
vt 0.398438 0.500000
vt 0.398438 1.000000
vt 0.394531 0.500000
vt 0.394531 1.000000
vt 0.390625 0.500000
vt 0.390625 1.000000
vt 0.386719 0.500000
vt 0.386719 1.000000
vt 0.382812 0.500000
vt 0.382812 1.000000
vt 0.378906 0.500000
vt 0.378906 1.000000
vt 0.375000 0.500000
vt 0.375000 1.000000
vt 0.371094 0.500000
vt 0.371094 1.000000
vt 0.367188 0.500000
vt 0.367188 1.000000
vt 0.363281 0.500000
vt 0.363281 1.000000
vt 0.359375 0.500000
vt 0.359375 1.000000
vt 0.355469 0.500000
vt 0.355469 1.000000
vt 0.351562 0.500000
vt 0.351562 1.000000
vt 0.347656 0.500000
vt 0.347656 1.000000
vt 0.343750 0.500000
vt 0.343750 1.000000
vt 0.339844 0.500000
vt 0.339844 1.000000
vt 0.335938 0.500000
vt 0.335938 1.000000
vt 0.332031 0.500000
vt 0.332031 1.000000
vt 0.328125 0.500000
vt 0.328125 1.000000
vt 0.324219 0.500000
vt 0.324219 1.000000
vt 0.320312 0.500000
vt 0.320312 1.000000
vt 0.316406 0.500000
vt 0.316406 1.000000
vt 0.312500 0.500000
vt 0.312500 1.000000
vt 0.308594 0.500000
vt 0.308594 1.000000
vt 0.304688 0.500000
vt 0.304688 1.000000
vt 0.300781 0.500000
vt 0.300781 1.000000
vt 0.296875 0.500000
vt 0.296875 1.000000
vt 0.292969 0.500000
vt 0.292969 1.000000
vt 0.289062 0.500000
vt 0.289062 1.000000
vt 0.285156 0.500000
vt 0.285156 1.000000
vt 0.281250 0.500000
vt 0.281250 1.000000
vt 0.277344 0.500000
vt 0.277344 1.000000
vt 0.273438 0.500000
vt 0.273438 1.000000
vt 0.269531 0.500000
vt 0.269531 1.000000
vt 0.265625 0.500000
vt 0.265625 1.000000
vt 0.261719 0.500000
vt 0.261719 1.000000
vt 0.257812 0.500000
vt 0.257812 1.000000
vt 0.253906 0.500000
vt 0.253906 1.000000
vt 0.250000 0.500000
vt 0.250000 1.000000
vt 0.246094 0.500000
vt 0.246094 1.000000
vt 0.242188 0.500000
vt 0.242188 1.000000
vt 0.238281 0.500000
vt 0.238281 1.000000
vt 0.234375 0.500000
vt 0.234375 1.000000
vt 0.230469 0.500000
vt 0.230469 1.000000
vt 0.226562 0.500000
vt 0.226562 1.000000
vt 0.222656 0.500000
vt 0.222656 1.000000
vt 0.218750 0.500000
vt 0.218750 1.000000
vt 0.214844 0.500000
vt 0.214844 1.000000
vt 0.210938 0.500000
vt 0.210938 1.000000
vt 0.207031 0.500000
vt 0.207031 1.000000
vt 0.203125 0.500000
vt 0.203125 1.000000
vt 0.199219 0.500000
vt 0.199219 1.000000
vt 0.195312 0.500000
vt 0.195312 1.000000
vt 0.191406 0.500000
vt 0.191406 1.000000
vt 0.187500 0.500000
vt 0.187500 1.000000
vt 0.183594 0.500000
vt 0.183594 1.000000
vt 0.179688 0.500000
vt 0.179688 1.000000
vt 0.175781 0.500000
vt 0.175781 1.000000
vt 0.171875 0.500000
vt 0.171875 1.000000
vt 0.167969 0.500000
vt 0.167969 1.000000
vt 0.164062 0.500000
vt 0.164062 1.000000
vt 0.160156 0.500000
vt 0.160156 1.000000
vt 0.156250 0.500000
vt 0.156250 1.000000
vt 0.152344 0.500000
vt 0.152344 1.000000
vt 0.148438 0.500000
vt 0.148438 1.000000
vt 0.144531 0.500000
vt 0.144531 1.000000
vt 0.140625 0.500000
vt 0.140625 1.000000
vt 0.136719 0.500000
vt 0.136719 1.000000
vt 0.132812 0.500000
vt 0.132812 1.000000
vt 0.128906 0.500000
vt 0.128906 1.000000
vt 0.125000 0.500000
vt 0.125000 1.000000
vt 0.121094 0.500000
vt 0.121094 1.000000
vt 0.117188 0.500000
vt 0.117188 1.000000
vt 0.113281 0.500000
vt 0.113281 1.000000
vt 0.109375 0.500000
vt 0.109375 1.000000
vt 0.105469 0.500000
vt 0.105469 1.000000
vt 0.101562 0.500000
vt 0.101562 1.000000
vt 0.097656 0.500000
vt 0.097656 1.000000
vt 0.093750 0.500000
vt 0.093750 1.000000
vt 0.089844 0.500000
vt 0.089844 1.000000
vt 0.085938 0.500000
vt 0.085938 1.000000
vt 0.082031 0.500000
vt 0.082031 1.000000
vt 0.078125 0.500000
vt 0.078125 1.000000
vt 0.074219 0.500000
vt 0.074219 1.000000
vt 0.070312 0.500000
vt 0.070312 1.000000
vt 0.066406 0.500000
vt 0.066406 1.000000
vt 0.062500 0.500000
vt 0.062500 1.000000
vt 0.058594 0.500000
vt 0.058594 1.000000
vt 0.054688 0.500000
vt 0.054688 1.000000
vt 0.050781 0.500000
vt 0.050781 1.000000
vt 0.046875 0.500000
vt 0.046875 1.000000
vt 0.042969 0.500000
vt 0.042969 1.000000
vt 0.039062 0.500000
vt 0.039062 1.000000
vt 0.035156 0.500000
vt 0.035156 1.000000
vt 0.031250 0.500000
vt 0.031250 1.000000
vt 0.027344 0.500000
vt 0.027344 1.000000
vt 0.023438 0.500000
vt 0.023438 1.000000
vt 0.019531 0.500000
vt 0.019531 1.000000
vt 0.015625 0.500000
vt 0.015625 1.000000
vt 0.011719 0.500000
vt 0.011719 1.000000
vt 0.007812 0.500000
vt 0.037278 0.167944
vt 0.035328 0.173189
vt 0.026082 0.163625
vt 0.464672 0.326811
vt 0.466492 0.321519
vt 0.475971 0.330854
vt 0.007812 1.000000
vt 0.003906 0.500000
vt 0.003906 1.000000
vt 0.000000 0.500000
vt 0.907215 0.415128
vt 0.903115 0.418937
vt 0.911174 0.427828
vt 0.584510 0.076181
vt 0.588779 0.088780
vt 0.592785 0.084872
vt 0.996094 0.875000
vt 1.000000 0.625000
vt 0.996094 0.625000
vt 0.992188 0.875000
vt 0.992188 0.625000
vt 0.988281 0.875000
vt 0.988281 0.625000
vt 0.984375 0.875000
vt 0.984375 0.625000
vt 0.980469 0.875000
vt 0.980469 0.625000
vt 0.976562 0.875000
vt 0.976562 0.625000
vt 0.972656 0.875000
vt 0.972656 0.625000
vt 0.968750 0.875000
vt 0.968750 0.625000
vt 0.964844 0.875000
vt 0.964844 0.625000
vt 0.960938 0.875000
vt 0.960938 0.625000
vt 0.957031 0.875000
vt 0.957031 0.625000
vt 0.953125 0.875000
vt 0.953125 0.625000
vt 0.949219 0.875000
vt 0.949219 0.625000
vt 0.945312 0.875000
vt 0.945312 0.625000
vt 0.941406 0.875000
vt 0.941406 0.625000
vt 0.937500 0.875000
vt 0.937500 0.625000
vt 0.933594 0.875000
vt 0.933594 0.625000
vt 0.929688 0.875000
vt 0.929688 0.625000
vt 0.925781 0.875000
vt 0.925781 0.625000
vt 0.921875 0.875000
vt 0.921875 0.625000
vt 0.917969 0.875000
vt 0.917969 0.625000
vt 0.914062 0.875000
vt 0.914062 0.625000
vt 0.910156 0.875000
vt 0.910156 0.625000
vt 0.906250 0.875000
vt 0.906250 0.625000
vt 0.902344 0.875000
vt 0.902344 0.625000
vt 0.898438 0.875000
vt 0.898438 0.625000
vt 0.894531 0.875000
vt 0.894531 0.625000
vt 0.890625 0.875000
vt 0.890625 0.625000
vt 0.886719 0.875000
vt 0.886719 0.625000
vt 0.882812 0.875000
vt 0.882812 0.625000
vt 0.878906 0.875000
vt 0.878906 0.625000
vt 0.875000 0.875000
vt 0.875000 0.625000
vt 0.871094 0.625000
vt 0.871094 0.875000
vt 0.867188 0.625000
vt 0.867188 0.875000
vt 0.863281 0.625000
vt 0.863281 0.875000
vt 0.859375 0.625000
vt 0.859375 0.875000
vt 0.855469 0.625000
vt 0.855469 0.875000
vt 0.851562 0.625000
vt 0.851562 0.875000
vt 0.847656 0.625000
vt 0.847656 0.875000
vt 0.843750 0.625000
vt 0.843750 0.875000
vt 0.839844 0.625000
vt 0.839844 0.875000
vt 0.835938 0.625000
vt 0.835938 0.875000
vt 0.832031 0.625000
vt 0.832031 0.875000
vt 0.828125 0.625000
vt 0.828125 0.875000
vt 0.824219 0.625000
vt 0.824219 0.875000
vt 0.820312 0.625000
vt 0.820312 0.875000
vt 0.816406 0.625000
vt 0.816406 0.875000
vt 0.812500 0.625000
vt 0.812500 0.875000
vt 0.808594 0.625000
vt 0.808594 0.875000
vt 0.804688 0.625000
vt 0.804688 0.875000
vt 0.800781 0.625000
vt 0.800781 0.875000
vt 0.796875 0.625000
vt 0.796875 0.875000
vt 0.792969 0.625000
vt 0.792969 0.875000
vt 0.789062 0.625000
vt 0.789062 0.875000
vt 0.785156 0.625000
vt 0.785156 0.875000
vt 0.781250 0.625000
vt 0.781250 0.875000
vt 0.777344 0.625000
vt 0.777344 0.875000
vt 0.773438 0.625000
vt 0.773438 0.875000
vt 0.769531 0.625000
vt 0.769531 0.875000
vt 0.765625 0.625000
vt 0.765625 0.875000
vt 0.761719 0.625000
vt 0.761719 0.875000
vt 0.757812 0.625000
vt 0.757812 0.875000
vt 0.753906 0.625000
vt 0.753906 0.875000
vt 0.750000 0.625000
vt 0.750000 0.875000
vt 0.746094 0.625000
vt 0.746094 0.875000
vt 0.742188 0.625000
vt 0.742188 0.875000
vt 0.738281 0.625000
vt 0.738281 0.875000
vt 0.734375 0.625000
vt 0.734375 0.875000
vt 0.730469 0.625000
vt 0.730469 0.875000
vt 0.726562 0.625000
vt 0.726562 0.875000
vt 0.722656 0.625000
vt 0.722656 0.875000
vt 0.718750 0.625000
vt 0.718750 0.875000
vt 0.714844 0.625000
vt 0.714844 0.875000
vt 0.710938 0.625000
vt 0.710938 0.875000
vt 0.707031 0.625000
vt 0.707031 0.875000
vt 0.703125 0.625000
vt 0.703125 0.875000
vt 0.699219 0.625000
vt 0.699219 0.875000
vt 0.695312 0.625000
vt 0.695312 0.875000
vt 0.691406 0.625000
vt 0.691406 0.875000
vt 0.687500 0.625000
vt 0.687500 0.875000
vt 0.683594 0.625000
vt 0.683594 0.875000
vt 0.679688 0.625000
vt 0.679688 0.875000
vt 0.675781 0.625000
vt 0.675781 0.875000
vt 0.671875 0.625000
vt 0.671875 0.875000
vt 0.667969 0.625000
vt 0.667969 0.875000
vt 0.664062 0.625000
vt 0.664062 0.875000
vt 0.660156 0.625000
vt 0.660156 0.875000
vt 0.656250 0.625000
vt 0.656250 0.875000
vt 0.652344 0.625000
vt 0.652344 0.875000
vt 0.648438 0.625000
vt 0.648438 0.875000
vt 0.644531 0.625000
vt 0.644531 0.875000
vt 0.640625 0.625000
vt 0.640625 0.875000
vt 0.636719 0.625000
vt 0.636719 0.875000
vt 0.632812 0.625000
vt 0.632812 0.875000
vt 0.628906 0.625000
vt 0.628906 0.875000
vt 0.625000 0.625000
vt 0.625000 0.875000
vt 0.621094 0.625000
vt 0.621094 0.875000
vt 0.617188 0.625000
vt 0.617188 0.875000
vt 0.613281 0.625000
vt 0.613281 0.875000
vt 0.609375 0.625000
vt 0.609375 0.875000
vt 0.605469 0.625000
vt 0.605469 0.875000
vt 0.601562 0.625000
vt 0.601562 0.875000
vt 0.597656 0.625000
vt 0.597656 0.875000
vt 0.593750 0.625000
vt 0.593750 0.875000
vt 0.589844 0.625000
vt 0.589844 0.875000
vt 0.585938 0.625000
vt 0.585938 0.875000
vt 0.582031 0.625000
vt 0.582031 0.875000
vt 0.578125 0.625000
vt 0.578125 0.875000
vt 0.574219 0.625000
vt 0.574219 0.875000
vt 0.570312 0.625000
vt 0.570312 0.875000
vt 0.566406 0.625000
vt 0.566406 0.875000
vt 0.562500 0.625000
vt 0.562500 0.875000
vt 0.558594 0.625000
vt 0.558594 0.875000
vt 0.554688 0.625000
vt 0.554688 0.875000
vt 0.550781 0.625000
vt 0.550781 0.875000
vt 0.546875 0.625000
vt 0.546875 0.875000
vt 0.542969 0.625000
vt 0.542969 0.875000
vt 0.539062 0.625000
vt 0.539062 0.875000
vt 0.535156 0.625000
vt 0.535156 0.875000
vt 0.531250 0.625000
vt 0.531250 0.875000
vt 0.527344 0.625000
vt 0.527344 0.875000
vt 0.523438 0.625000
vt 0.523438 0.875000
vt 0.519531 0.625000
vt 0.519531 0.875000
vt 0.515625 0.625000
vt 0.515625 0.875000
vt 0.511719 0.625000
vt 0.511719 0.875000
vt 0.507812 0.625000
vt 0.507812 0.875000
vt 0.503906 0.625000
vt 0.503906 0.875000
vt 0.500000 0.625000
vt 0.500000 0.875000
vt 0.496094 0.625000
vt 0.496094 0.875000
vt 0.492188 0.625000
vt 0.492188 0.875000
vt 0.488281 0.625000
vt 0.488281 0.875000
vt 0.484375 0.625000
vt 0.484375 0.875000
vt 0.480469 0.625000
vt 0.480469 0.875000
vt 0.476562 0.625000
vt 0.476562 0.875000
vt 0.472656 0.625000
vt 0.472656 0.875000
vt 0.468750 0.625000
vt 0.468750 0.875000
vt 0.464844 0.625000
vt 0.464844 0.875000
vt 0.460938 0.625000
vt 0.460938 0.875000
vt 0.457031 0.625000
vt 0.457031 0.875000
vt 0.453125 0.625000
vt 0.453125 0.875000
vt 0.449219 0.625000
vt 0.449219 0.875000
vt 0.445312 0.625000
vt 0.445312 0.875000
vt 0.441406 0.625000
vt 0.441406 0.875000
vt 0.437500 0.625000
vt 0.437500 0.875000
vt 0.433594 0.625000
vt 0.433594 0.875000
vt 0.429688 0.625000
vt 0.429688 0.875000
vt 0.425781 0.625000
vt 0.425781 0.875000
vt 0.421875 0.625000
vt 0.421875 0.875000
vt 0.417969 0.625000
vt 0.417969 0.875000
vt 0.414062 0.625000
vt 0.414062 0.875000
vt 0.410156 0.625000
vt 0.410156 0.875000
vt 0.406250 0.625000
vt 0.406250 0.875000
vt 0.402344 0.625000
vt 0.402344 0.875000
vt 0.398438 0.625000
vt 0.398438 0.875000
vt 0.394531 0.625000
vt 0.394531 0.875000
vt 0.390625 0.625000
vt 0.390625 0.875000
vt 0.386719 0.625000
vt 0.386719 0.875000
vt 0.382812 0.625000
vt 0.382812 0.875000
vt 0.378906 0.625000
vt 0.378906 0.875000
vt 0.375000 0.625000
vt 0.375000 0.875000
vt 0.371094 0.875000
vt 0.371094 0.625000
vt 0.367188 0.875000
vt 0.367188 0.625000
vt 0.363281 0.875000
vt 0.363281 0.625000
vt 0.359375 0.875000
vt 0.359375 0.625000
vt 0.355469 0.875000
vt 0.355469 0.625000
vt 0.351562 0.875000
vt 0.351562 0.625000
vt 0.347656 0.875000
vt 0.347656 0.625000
vt 0.343750 0.875000
vt 0.343750 0.625000
vt 0.339844 0.875000
vt 0.339844 0.625000
vt 0.335938 0.875000
vt 0.335938 0.625000
vt 0.332031 0.875000
vt 0.332031 0.625000
vt 0.328125 0.875000
vt 0.328125 0.625000
vt 0.324219 0.875000
vt 0.324219 0.625000
vt 0.320312 0.875000
vt 0.320312 0.625000
vt 0.316406 0.875000
vt 0.316406 0.625000
vt 0.312500 0.875000
vt 0.312500 0.625000
vt 0.308594 0.875000
vt 0.308594 0.625000
vt 0.304688 0.875000
vt 0.304688 0.625000
vt 0.300781 0.875000
vt 0.300781 0.625000
vt 0.296875 0.875000
vt 0.296875 0.625000
vt 0.292969 0.875000
vt 0.292969 0.625000
vt 0.289062 0.875000
vt 0.289062 0.625000
vt 0.285156 0.875000
vt 0.285156 0.625000
vt 0.281250 0.875000
vt 0.281250 0.625000
vt 0.277344 0.875000
vt 0.277344 0.625000
vt 0.273438 0.875000
vt 0.273438 0.625000
vt 0.269531 0.875000
vt 0.269531 0.625000
vt 0.265625 0.875000
vt 0.265625 0.625000
vt 0.261719 0.875000
vt 0.261719 0.625000
vt 0.257812 0.875000
vt 0.257812 0.625000
vt 0.253906 0.875000
vt 0.253906 0.625000
vt 0.250000 0.875000
vt 0.250000 0.625000
vt 0.246094 0.875000
vt 0.246094 0.625000
vt 0.242188 0.875000
vt 0.242188 0.625000
vt 0.238281 0.875000
vt 0.238281 0.625000
vt 0.234375 0.875000
vt 0.234375 0.625000
vt 0.230469 0.875000
vt 0.230469 0.625000
vt 0.226562 0.875000
vt 0.226562 0.625000
vt 0.222656 0.875000
vt 0.222656 0.625000
vt 0.218750 0.875000
vt 0.218750 0.625000
vt 0.214844 0.875000
vt 0.214844 0.625000
vt 0.210938 0.875000
vt 0.210938 0.625000
vt 0.207031 0.875000
vt 0.207031 0.625000
vt 0.203125 0.875000
vt 0.203125 0.625000
vt 0.199219 0.875000
vt 0.199219 0.625000
vt 0.195312 0.875000
vt 0.195312 0.625000
vt 0.191406 0.875000
vt 0.191406 0.625000
vt 0.187500 0.875000
vt 0.187500 0.625000
vt 0.183594 0.875000
vt 0.183594 0.625000
vt 0.179688 0.875000
vt 0.179688 0.625000
vt 0.175781 0.875000
vt 0.175781 0.625000
vt 0.171875 0.875000
vt 0.171875 0.625000
vt 0.167969 0.875000
vt 0.167969 0.625000
vt 0.164062 0.875000
vt 0.164062 0.625000
vt 0.160156 0.875000
vt 0.160156 0.625000
vt 0.156250 0.875000
vt 0.156250 0.625000
vt 0.152344 0.875000
vt 0.152344 0.625000
vt 0.148438 0.875000
vt 0.148438 0.625000
vt 0.144531 0.875000
vt 0.144531 0.625000
vt 0.140625 0.875000
vt 0.140625 0.625000
vt 0.136719 0.875000
vt 0.136719 0.625000
vt 0.132812 0.875000
vt 0.132812 0.625000
vt 0.128906 0.875000
vt 0.128906 0.625000
vt 0.125000 0.875000
vt 0.125000 0.625000
vt 0.121094 0.875000
vt 0.121094 0.625000
vt 0.117188 0.875000
vt 0.117188 0.625000
vt 0.113281 0.875000
vt 0.113281 0.625000
vt 0.109375 0.875000
vt 0.109375 0.625000
vt 0.105469 0.875000
vt 0.105469 0.625000
vt 0.101562 0.875000
vt 0.101562 0.625000
vt 0.097656 0.875000
vt 0.097656 0.625000
vt 0.093750 0.875000
vt 0.093750 0.625000
vt 0.089844 0.875000
vt 0.089844 0.625000
vt 0.085938 0.875000
vt 0.085938 0.625000
vt 0.082031 0.875000
vt 0.082031 0.625000
vt 0.078125 0.875000
vt 0.078125 0.625000
vt 0.074219 0.875000
vt 0.074219 0.625000
vt 0.070312 0.875000
vt 0.070312 0.625000
vt 0.066406 0.875000
vt 0.066406 0.625000
vt 0.062500 0.875000
vt 0.062500 0.625000
vt 0.058594 0.875000
vt 0.058594 0.625000
vt 0.054688 0.875000
vt 0.054688 0.625000
vt 0.050781 0.875000
vt 0.050781 0.625000
vt 0.046875 0.875000
vt 0.046875 0.625000
vt 0.042969 0.875000
vt 0.042969 0.625000
vt 0.039062 0.875000
vt 0.039062 0.625000
vt 0.035156 0.875000
vt 0.035156 0.625000
vt 0.031250 0.875000
vt 0.031250 0.625000
vt 0.027344 0.875000
vt 0.027344 0.625000
vt 0.023438 0.875000
vt 0.023438 0.625000
vt 0.019531 0.875000
vt 0.019531 0.625000
vt 0.015625 0.875000
vt 0.015625 0.625000
vt 0.011719 0.875000
vt 0.011719 0.625000
vt 0.007812 0.875000
vt 0.007812 0.625000
vt 0.003906 0.875000
vt 0.003906 0.625000
vt 0.000000 0.875000
vt 0.000000 0.625000
vt 0.142093 0.035626
vt 0.147387 0.033043
vt 0.152517 0.043890
vt 0.152742 0.030590
vt 0.157605 0.041560
vt 0.158156 0.028269
vt 0.163625 0.026082
vt 0.162748 0.039355
vt 0.169146 0.024029
vt 0.167944 0.037278
vt 0.174716 0.022113
vt 0.173189 0.035328
vt 0.180332 0.020334
vt 0.178480 0.033508
vt 0.185989 0.018694
vt 0.183815 0.031818
vt 0.191685 0.017192
vt 0.189189 0.030259
vt 0.197416 0.015832
vt 0.194600 0.028833
vt 0.203178 0.014612
vt 0.200045 0.027540
vt 0.208969 0.013533
vt 0.205519 0.026381
vt 0.214785 0.012598
vt 0.216545 0.024468
vt 0.220621 0.011805
vt 0.222090 0.023715
vt 0.226476 0.011156
vt 0.227652 0.023098
vt 0.232345 0.010650
vt 0.233227 0.022618
vt 0.238224 0.010289
vt 0.238813 0.022275
vt 0.244110 0.010072
vt 0.244405 0.022069
vt 0.250000 0.010000
vt 0.250000 0.022000
vt 0.255890 0.010072
vt 0.255595 0.022069
vt 0.261776 0.010289
vt 0.261187 0.022275
vt 0.267655 0.010650
vt 0.266773 0.022618
vt 0.273524 0.011156
vt 0.272348 0.023098
vt 0.279379 0.011805
vt 0.277910 0.023715
vt 0.285215 0.012598
vt 0.283454 0.024468
vt 0.291031 0.013533
vt 0.296822 0.014612
vt 0.288979 0.025357
vt 0.302584 0.015832
vt 0.294481 0.026381
vt 0.308315 0.017192
vt 0.305399 0.028833
vt 0.314011 0.018694
vt 0.310810 0.030259
vt 0.319668 0.020334
vt 0.316185 0.031818
vt 0.325284 0.022113
vt 0.321519 0.033508
vt 0.330854 0.024029
vt 0.326811 0.035328
vt 0.336375 0.026082
vt 0.332056 0.037278
vt 0.341844 0.028269
vt 0.337252 0.039355
vt 0.347258 0.030590
vt 0.342395 0.041560
vt 0.352613 0.033043
vt 0.347482 0.043890
vt 0.357907 0.035626
vt 0.352511 0.046345
vt 0.363135 0.038339
vt 0.357478 0.048922
vt 0.368296 0.041179
vt 0.362381 0.051620
vt 0.373385 0.044145
vt 0.378399 0.047235
vt 0.367215 0.054438
vt 0.383337 0.050447
vt 0.371979 0.057373
vt 0.388194 0.053780
vt 0.376670 0.060425
vt 0.392968 0.057230
vt 0.385819 0.066869
vt 0.397656 0.060797
vt 0.390273 0.070257
vt 0.402254 0.064478
vt 0.394642 0.073754
vt 0.406761 0.068270
vt 0.398923 0.077356
vt 0.411174 0.072172
vt 0.403115 0.081063
vt 0.415490 0.076181
vt 0.407215 0.084872
vt 0.419706 0.080294
vt 0.411220 0.088780
vt 0.423819 0.084510
vt 0.415128 0.092785
vt 0.427828 0.088826
vt 0.418937 0.096885
vt 0.431730 0.093239
vt 0.422643 0.101077
vt 0.435522 0.097746
vt 0.426246 0.105358
vt 0.439203 0.102344
vt 0.429743 0.109727
vt 0.442770 0.107032
vt 0.433131 0.114181
vt 0.446220 0.111806
vt 0.449553 0.116663
vt 0.436409 0.118716
vt 0.452765 0.121601
vt 0.439575 0.123330
vt 0.455855 0.126615
vt 0.445562 0.132785
vt 0.458821 0.131704
vt 0.448380 0.137619
vt 0.461661 0.136865
vt 0.451078 0.142522
vt 0.464374 0.142093
vt 0.453655 0.147489
vt 0.466957 0.147387
vt 0.456109 0.152517
vt 0.131704 0.041179
vt 0.136865 0.038339
vt 0.142522 0.048922
vt 0.147489 0.046345
vt 0.121601 0.047235
vt 0.126615 0.044145
vt 0.132785 0.054438
vt 0.137619 0.051620
vt 0.111806 0.053780
vt 0.116663 0.050447
vt 0.123330 0.060425
vt 0.128020 0.057373
vt 0.102344 0.060797
vt 0.107032 0.057230
vt 0.114181 0.066869
vt 0.118716 0.063591
vt 0.093239 0.068270
vt 0.097746 0.064478
vt 0.105358 0.073754
vt 0.109727 0.070257
vt 0.084510 0.076181
vt 0.088826 0.072172
vt 0.092785 0.084872
vt 0.096885 0.081063
vt 0.076181 0.084510
vt 0.080294 0.080294
vt 0.088780 0.088780
vt 0.068270 0.093239
vt 0.072172 0.088826
vt 0.081063 0.096885
vt 0.084872 0.092785
vt 0.060797 0.102344
vt 0.064478 0.097746
vt 0.073754 0.105358
vt 0.077356 0.101077
vt 0.053780 0.111806
vt 0.057230 0.107032
vt 0.066869 0.114181
vt 0.070257 0.109727
vt 0.047235 0.121601
vt 0.050447 0.116663
vt 0.060425 0.123330
vt 0.063591 0.118716
vt 0.041179 0.131704
vt 0.044145 0.126615
vt 0.054438 0.132785
vt 0.057373 0.128021
vt 0.035626 0.142093
vt 0.038339 0.136865
vt 0.048922 0.142522
vt 0.051620 0.137619
vt 0.030590 0.152742
vt 0.033043 0.147387
vt 0.041560 0.157605
vt 0.043890 0.152517
vt 0.028269 0.158156
vt 0.039355 0.162748
vt 0.022113 0.174716
vt 0.024029 0.169146
vt 0.033508 0.178480
vt 0.018694 0.185989
vt 0.020334 0.180332
vt 0.030259 0.189190
vt 0.031818 0.183815
vt 0.015832 0.197416
vt 0.017192 0.191685
vt 0.027540 0.200045
vt 0.028833 0.194601
vt 0.013533 0.208969
vt 0.014612 0.203178
vt 0.025357 0.211021
vt 0.026381 0.205519
vt 0.011805 0.220621
vt 0.012598 0.214785
vt 0.024468 0.216545
vt 0.010650 0.232345
vt 0.011156 0.226476
vt 0.023098 0.227652
vt 0.023715 0.222090
vt 0.010072 0.244110
vt 0.010289 0.238224
vt 0.022069 0.244404
vt 0.022275 0.238813
vt 0.010072 0.255890
vt 0.010000 0.250000
vt 0.022069 0.255595
vt 0.022000 0.250000
vt 0.010650 0.267655
vt 0.010289 0.261776
vt 0.022618 0.266773
vt 0.022275 0.261187
vt 0.011805 0.279379
vt 0.011156 0.273524
vt 0.023715 0.277910
vt 0.023098 0.272348
vt 0.013533 0.291031
vt 0.012598 0.285215
vt 0.025357 0.288979
vt 0.024468 0.283454
vt 0.015832 0.302584
vt 0.014612 0.296822
vt 0.027540 0.299955
vt 0.026381 0.294481
vt 0.018694 0.314011
vt 0.017192 0.308315
vt 0.028833 0.305399
vt 0.022113 0.325284
vt 0.020334 0.319668
vt 0.031818 0.316184
vt 0.030259 0.310810
vt 0.026082 0.336375
vt 0.024029 0.330854
vt 0.037278 0.332056
vt 0.035328 0.326811
vt 0.030590 0.347258
vt 0.028269 0.341844
vt 0.041560 0.342395
vt 0.039355 0.337252
vt 0.035626 0.357907
vt 0.033043 0.352613
vt 0.046345 0.352511
vt 0.043890 0.347482
vt 0.041179 0.368296
vt 0.038339 0.363135
vt 0.051620 0.362381
vt 0.048922 0.357478
vt 0.047235 0.378399
vt 0.044145 0.373385
vt 0.057373 0.371979
vt 0.054438 0.367215
vt 0.053780 0.388194
vt 0.050447 0.383337
vt 0.063591 0.381284
vt 0.060425 0.376670
vt 0.060797 0.397656
vt 0.057230 0.392968
vt 0.066869 0.385819
vt 0.068270 0.406761
vt 0.064478 0.402254
vt 0.073754 0.394642
vt 0.070257 0.390273
vt 0.076181 0.415490
vt 0.072172 0.411174
vt 0.084872 0.407215
vt 0.081063 0.403115
vt 0.084510 0.423819
vt 0.080294 0.419706
vt 0.092785 0.415128
vt 0.088780 0.411220
vt 0.093239 0.431730
vt 0.088826 0.427828
vt 0.101076 0.422643
vt 0.096885 0.418937
vt 0.102344 0.439203
vt 0.097746 0.435522
vt 0.109727 0.429743
vt 0.105358 0.426246
vt 0.111806 0.446220
vt 0.107032 0.442770
vt 0.118716 0.436409
vt 0.114181 0.433131
vt 0.121601 0.452765
vt 0.116663 0.449553
vt 0.128020 0.442626
vt 0.123330 0.439575
vt 0.131704 0.458821
vt 0.126615 0.455855
vt 0.132785 0.445562
vt 0.142093 0.464374
vt 0.136865 0.461661
vt 0.142522 0.451078
vt 0.137619 0.448379
vt 0.152742 0.469410
vt 0.147387 0.466957
vt 0.157605 0.458439
vt 0.152517 0.456109
vt 0.163625 0.473918
vt 0.158156 0.471731
vt 0.167944 0.462722
vt 0.162748 0.460644
vt 0.174716 0.477887
vt 0.169146 0.475971
vt 0.178480 0.466492
vt 0.173189 0.464672
vt 0.185989 0.481306
vt 0.180332 0.479666
vt 0.189189 0.469741
vt 0.183815 0.468182
vt 0.197416 0.484168
vt 0.191685 0.482808
vt 0.200045 0.472460
vt 0.194600 0.471167
vt 0.208969 0.486467
vt 0.203178 0.485388
vt 0.211021 0.474643
vt 0.205519 0.473619
vt 0.220621 0.488195
vt 0.214785 0.487402
vt 0.216545 0.475532
vt 0.232345 0.489350
vt 0.226476 0.488844
vt 0.227652 0.476902
vt 0.222090 0.476285
vt 0.244110 0.489928
vt 0.238224 0.489711
vt 0.244404 0.477931
vt 0.238813 0.477725
vt 0.255890 0.489928
vt 0.250000 0.490000
vt 0.255595 0.477931
vt 0.250000 0.478000
vt 0.267655 0.489350
vt 0.261776 0.489711
vt 0.266773 0.477382
vt 0.261187 0.477725
vt 0.279379 0.488195
vt 0.273524 0.488844
vt 0.277910 0.476285
vt 0.272348 0.476902
vt 0.291031 0.486467
vt 0.285215 0.487402
vt 0.288979 0.474643
vt 0.283455 0.475532
vt 0.302584 0.484168
vt 0.296822 0.485388
vt 0.299955 0.472460
vt 0.294481 0.473619
vt 0.314011 0.481306
vt 0.308315 0.482808
vt 0.305399 0.471167
vt 0.325284 0.477887
vt 0.319668 0.479666
vt 0.316185 0.468182
vt 0.310811 0.469741
vt 0.336375 0.473918
vt 0.330854 0.475971
vt 0.332056 0.462722
vt 0.326811 0.464672
vt 0.347258 0.469410
vt 0.341844 0.471731
vt 0.342395 0.458440
vt 0.337252 0.460645
vt 0.347483 0.456110
vt 0.352613 0.466957
vt 0.442627 0.128020
vt 0.321519 0.466493
vt 0.381284 0.063591
vt 0.233227 0.477382
vt 0.299955 0.027540
vt 0.147489 0.453655
vt 0.211021 0.025357
vt 0.077356 0.398923
vt 0.033508 0.321519
vt 0.101077 0.077356
vt 0.022618 0.233227
vt 0.046345 0.147489
vt 0.473918 0.336375
vt 0.471731 0.341844
vt 0.460644 0.337252
vt 0.469410 0.347258
vt 0.458440 0.342395
vt 0.466957 0.352613
vt 0.456110 0.347482
vt 0.464374 0.357907
vt 0.453655 0.352511
vt 0.461661 0.363135
vt 0.451078 0.357478
vt 0.458821 0.368296
vt 0.448380 0.362381
vt 0.455855 0.373385
vt 0.445562 0.367215
vt 0.452765 0.378399
vt 0.442627 0.371979
vt 0.449553 0.383337
vt 0.439575 0.376670
vt 0.446220 0.388194
vt 0.436409 0.381284
vt 0.442770 0.392968
vt 0.433131 0.385819
vt 0.439203 0.397656
vt 0.435522 0.402254
vt 0.429743 0.390273
vt 0.431730 0.406761
vt 0.426246 0.394642
vt 0.427828 0.411174
vt 0.418937 0.403115
vt 0.423819 0.415490
vt 0.415128 0.407215
vt 0.419706 0.419706
vt 0.411220 0.411220
vt 0.415490 0.423819
vt 0.407215 0.415128
vt 0.411174 0.427828
vt 0.403115 0.418937
vt 0.406761 0.431730
vt 0.398923 0.422644
vt 0.402254 0.435522
vt 0.394642 0.426246
vt 0.397656 0.439203
vt 0.390273 0.429743
vt 0.392968 0.442770
vt 0.385819 0.433131
vt 0.388194 0.446220
vt 0.381284 0.436409
vt 0.383337 0.449553
vt 0.376670 0.439575
vt 0.378399 0.452765
vt 0.371979 0.442627
vt 0.373385 0.455855
vt 0.368296 0.458821
vt 0.367215 0.445562
vt 0.363135 0.461661
vt 0.362381 0.448380
vt 0.357907 0.464374
vt 0.357478 0.451078
vt 0.352511 0.453655
vt 0.462722 0.332056
vt 0.479666 0.319668
vt 0.477887 0.325284
vt 0.468182 0.316185
vt 0.482808 0.308315
vt 0.481306 0.314011
vt 0.471167 0.305400
vt 0.469741 0.310810
vt 0.485388 0.296822
vt 0.484168 0.302584
vt 0.473619 0.294481
vt 0.472460 0.299955
vt 0.487402 0.285215
vt 0.486467 0.291031
vt 0.475532 0.283455
vt 0.474643 0.288979
vt 0.488844 0.273524
vt 0.488195 0.279379
vt 0.476902 0.272348
vt 0.476285 0.277910
vt 0.489711 0.261776
vt 0.489350 0.267655
vt 0.477725 0.261187
vt 0.477382 0.266773
vt 0.490000 0.250000
vt 0.489928 0.255890
vt 0.477931 0.255595
vt 0.489711 0.238224
vt 0.489928 0.244110
vt 0.477931 0.244405
vt 0.478000 0.250000
vt 0.488844 0.226476
vt 0.489350 0.232345
vt 0.476902 0.227652
vt 0.477382 0.233227
vt 0.487402 0.214785
vt 0.488195 0.220621
vt 0.475532 0.216545
vt 0.476285 0.222090
vt 0.485388 0.203178
vt 0.486467 0.208969
vt 0.473619 0.205519
vt 0.474643 0.211021
vt 0.482808 0.191685
vt 0.484168 0.197416
vt 0.471167 0.194601
vt 0.472460 0.200045
vt 0.479666 0.180332
vt 0.481306 0.185989
vt 0.468182 0.183815
vt 0.469741 0.189189
vt 0.475971 0.169146
vt 0.477887 0.174716
vt 0.464672 0.173189
vt 0.466493 0.178481
vt 0.471731 0.158156
vt 0.473918 0.163625
vt 0.462722 0.167944
vt 0.469410 0.152742
vt 0.458440 0.157605
vt 0.460645 0.162748
vt 0.477725 0.238813
vt 0.422644 0.398923
vt 0.000000 1.000000
vt 0.738224 0.489711
vt 0.744110 0.489928
vt 0.738813 0.477725
vt 0.750000 0.490000
vt 0.744404 0.477931
vt 0.755890 0.489928
vt 0.749999 0.478000
vt 0.761776 0.489711
vt 0.755595 0.477931
vt 0.767655 0.489350
vt 0.761187 0.477725
vt 0.773524 0.488844
vt 0.766772 0.477382
vt 0.779379 0.488195
vt 0.772348 0.476902
vt 0.785215 0.487402
vt 0.777910 0.476285
vt 0.791031 0.486467
vt 0.783454 0.475532
vt 0.796822 0.485388
vt 0.788979 0.474643
vt 0.802584 0.484168
vt 0.794480 0.473619
vt 0.808315 0.482808
vt 0.799955 0.472460
vt 0.814011 0.481306
vt 0.810810 0.469741
vt 0.819668 0.479666
vt 0.816185 0.468182
vt 0.825284 0.477887
vt 0.821519 0.466492
vt 0.830854 0.475971
vt 0.836375 0.473918
vt 0.826810 0.464672
vt 0.841844 0.471731
vt 0.832056 0.462722
vt 0.847258 0.469410
vt 0.837251 0.460644
vt 0.852613 0.466957
vt 0.842394 0.458439
vt 0.857907 0.464374
vt 0.847482 0.456109
vt 0.863135 0.461661
vt 0.852511 0.453655
vt 0.868296 0.458821
vt 0.857478 0.451078
vt 0.873385 0.455855
vt 0.862380 0.448379
vt 0.878399 0.452765
vt 0.867215 0.445562
vt 0.883337 0.449553
vt 0.871979 0.442626
vt 0.888194 0.446220
vt 0.876669 0.439575
vt 0.892968 0.442770
vt 0.881284 0.436409
vt 0.897656 0.439203
vt 0.890272 0.429743
vt 0.902254 0.435522
vt 0.894642 0.426246
vt 0.906761 0.431730
vt 0.898923 0.422643
vt 0.915490 0.423819
vt 0.919706 0.419706
vt 0.911220 0.411220
vt 0.923819 0.415490
vt 0.915128 0.407215
vt 0.927828 0.411174
vt 0.918937 0.403115
vt 0.931730 0.406761
vt 0.922643 0.398923
vt 0.935522 0.402254
vt 0.926246 0.394642
vt 0.939203 0.397656
vt 0.929743 0.390273
vt 0.942770 0.392968
vt 0.933131 0.385819
vt 0.946220 0.388194
vt 0.949553 0.383337
vt 0.936409 0.381284
vt 0.952765 0.378399
vt 0.939574 0.376670
vt 0.955855 0.373385
vt 0.942626 0.371979
vt 0.958821 0.368296
vt 0.948379 0.362381
vt 0.961661 0.363135
vt 0.951078 0.357478
vt 0.964374 0.357907
vt 0.953655 0.352511
vt 0.966957 0.352613
vt 0.956109 0.347482
vt 0.969410 0.347258
vt 0.958439 0.342395
vt 0.971731 0.341844
vt 0.960644 0.337252
vt 0.973918 0.336375
vt 0.962722 0.332056
vt 0.975971 0.330854
vt 0.964671 0.326811
vt 0.977887 0.325284
vt 0.966492 0.321519
vt 0.979666 0.319668
vt 0.968182 0.316184
vt 0.981306 0.314011
vt 0.969741 0.310810
vt 0.982808 0.308315
vt 0.971167 0.305399
vt 0.984169 0.302584
vt 0.972459 0.299955
vt 0.985388 0.296822
vt 0.986467 0.291031
vt 0.973619 0.294481
vt 0.987402 0.285215
vt 0.974643 0.288979
vt 0.988195 0.279379
vt 0.976285 0.277910
vt 0.988844 0.273524
vt 0.976901 0.272348
vt 0.989350 0.267655
vt 0.977382 0.266773
vt 0.989711 0.261776
vt 0.977725 0.261187
vt 0.989928 0.255890
vt 0.977931 0.255595
vt 0.990000 0.250000
vt 0.978000 0.250000
vt 0.989928 0.244110
vt 0.977931 0.244404
vt 0.989711 0.238224
vt 0.977725 0.238813
vt 0.989350 0.232345
vt 0.977382 0.233227
vt 0.988844 0.226476
vt 0.976902 0.227652
vt 0.988195 0.220621
vt 0.976285 0.222090
vt 0.987402 0.214785
vt 0.975532 0.216545
vt 0.986467 0.208969
vt 0.985388 0.203178
vt 0.974643 0.211021
vt 0.984169 0.197416
vt 0.973618 0.205519
vt 0.982808 0.191685
vt 0.972460 0.200045
vt 0.981306 0.185989
vt 0.969741 0.189190
vt 0.979666 0.180332
vt 0.968182 0.183815
vt 0.977887 0.174716
vt 0.966492 0.178480
vt 0.975971 0.169146
vt 0.964672 0.173189
vt 0.973918 0.163625
vt 0.962722 0.167944
vt 0.971731 0.158156
vt 0.960644 0.162748
vt 0.969410 0.152742
vt 0.958440 0.157605
vt 0.966957 0.147387
vt 0.956109 0.152517
vt 0.964374 0.142093
vt 0.953655 0.147489
vt 0.961661 0.136865
vt 0.951078 0.142522
vt 0.958821 0.131704
vt 0.948379 0.137619
vt 0.955855 0.126615
vt 0.945562 0.132785
vt 0.952765 0.121601
vt 0.942626 0.128021
vt 0.949553 0.116663
vt 0.946220 0.111806
vt 0.939575 0.123330
vt 0.942770 0.107032
vt 0.936409 0.118716
vt 0.939203 0.102344
vt 0.929743 0.109727
vt 0.935522 0.097746
vt 0.926246 0.105358
vt 0.931730 0.093239
vt 0.922644 0.101077
vt 0.927828 0.088826
vt 0.918937 0.096885
vt 0.923819 0.084510
vt 0.915128 0.092785
vt 0.919706 0.080294
vt 0.911220 0.088780
vt 0.915490 0.076181
vt 0.907215 0.084872
vt 0.911174 0.072172
vt 0.903115 0.081063
vt 0.906761 0.068270
vt 0.898923 0.077356
vt 0.902254 0.064478
vt 0.894642 0.073754
vt 0.897656 0.060797
vt 0.890273 0.070257
vt 0.892968 0.057230
vt 0.885819 0.066869
vt 0.888194 0.053780
vt 0.883337 0.050447
vt 0.881284 0.063591
vt 0.878399 0.047235
vt 0.876669 0.060425
vt 0.873385 0.044145
vt 0.871979 0.057373
vt 0.868296 0.041179
vt 0.862380 0.051620
vt 0.863135 0.038339
vt 0.857478 0.048922
vt 0.857907 0.035626
vt 0.852511 0.046345
vt 0.852613 0.033043
vt 0.847482 0.043890
vt 0.847258 0.030590
vt 0.842395 0.041560
vt 0.841844 0.028269
vt 0.837251 0.039355
vt 0.836375 0.026082
vt 0.832056 0.037278
vt 0.830854 0.024029
vt 0.826811 0.035328
vt 0.825284 0.022113
vt 0.821519 0.033508
vt 0.819668 0.020334
vt 0.816185 0.031818
vt 0.814011 0.018694
vt 0.810810 0.030259
vt 0.808315 0.017192
vt 0.805399 0.028833
vt 0.802584 0.015832
vt 0.799955 0.027540
vt 0.796822 0.014612
vt 0.791031 0.013533
vt 0.794480 0.026381
vt 0.785215 0.012598
vt 0.788979 0.025357
vt 0.779379 0.011805
vt 0.777910 0.023715
vt 0.773524 0.011156
vt 0.772348 0.023098
vt 0.767655 0.010650
vt 0.766773 0.022618
vt 0.761776 0.010289
vt 0.761187 0.022275
vt 0.755890 0.010072
vt 0.755595 0.022069
vt 0.726476 0.488844
vt 0.732345 0.489350
vt 0.733227 0.477382
vt 0.714785 0.487402
vt 0.720621 0.488195
vt 0.722090 0.476285
vt 0.727652 0.476902
vt 0.703178 0.485388
vt 0.708969 0.486467
vt 0.711021 0.474643
vt 0.716545 0.475532
vt 0.691685 0.482808
vt 0.697416 0.484168
vt 0.700045 0.472460
vt 0.705519 0.473619
vt 0.680332 0.479666
vt 0.685989 0.481306
vt 0.689189 0.469741
vt 0.694600 0.471167
vt 0.669146 0.475971
vt 0.674716 0.477887
vt 0.673189 0.464672
vt 0.678481 0.466493
vt 0.658156 0.471731
vt 0.663625 0.473918
vt 0.662748 0.460645
vt 0.667944 0.462722
vt 0.647387 0.466957
vt 0.652742 0.469410
vt 0.652517 0.456110
vt 0.657605 0.458440
vt 0.636865 0.461661
vt 0.642093 0.464374
vt 0.642522 0.451078
vt 0.647489 0.453655
vt 0.626615 0.455855
vt 0.631704 0.458821
vt 0.632785 0.445562
vt 0.637619 0.448380
vt 0.616663 0.449553
vt 0.621601 0.452765
vt 0.623330 0.439575
vt 0.628021 0.442627
vt 0.607032 0.442770
vt 0.611806 0.446220
vt 0.618716 0.436409
vt 0.597746 0.435522
vt 0.602344 0.439203
vt 0.609727 0.429743
vt 0.614181 0.433131
vt 0.588826 0.427828
vt 0.593239 0.431730
vt 0.596885 0.418937
vt 0.601076 0.422644
vt 0.580294 0.419706
vt 0.584510 0.423819
vt 0.588780 0.411220
vt 0.592785 0.415128
vt 0.572172 0.411174
vt 0.576181 0.415490
vt 0.581063 0.403115
vt 0.584872 0.407215
vt 0.564478 0.402254
vt 0.568270 0.406761
vt 0.573754 0.394642
vt 0.577356 0.398923
vt 0.557230 0.392968
vt 0.560797 0.397656
vt 0.566869 0.385819
vt 0.570257 0.390273
vt 0.550447 0.383337
vt 0.553780 0.388194
vt 0.560425 0.376670
vt 0.563591 0.381284
vt 0.544145 0.373385
vt 0.547235 0.378399
vt 0.557374 0.371979
vt 0.538339 0.363135
vt 0.541179 0.368296
vt 0.551620 0.362381
vt 0.554438 0.367215
vt 0.533043 0.352613
vt 0.535626 0.357907
vt 0.543890 0.347482
vt 0.546345 0.352511
vt 0.528269 0.341844
vt 0.530590 0.347258
vt 0.539356 0.337252
vt 0.541560 0.342395
vt 0.524029 0.330854
vt 0.526082 0.336375
vt 0.535328 0.326811
vt 0.537278 0.332056
vt 0.520334 0.319668
vt 0.522113 0.325284
vt 0.531818 0.316185
vt 0.533508 0.321519
vt 0.517192 0.308315
vt 0.518694 0.314011
vt 0.528833 0.305400
vt 0.530259 0.310810
vt 0.514612 0.296822
vt 0.515831 0.302584
vt 0.526381 0.294481
vt 0.527540 0.299955
vt 0.512598 0.285215
vt 0.513533 0.291031
vt 0.525357 0.288979
vt 0.511156 0.273524
vt 0.511805 0.279379
vt 0.523715 0.277910
vt 0.524468 0.283455
vt 0.510289 0.261776
vt 0.510650 0.267655
vt 0.522275 0.261187
vt 0.522618 0.266773
vt 0.510000 0.250000
vt 0.510072 0.255890
vt 0.522000 0.250000
vt 0.522069 0.255595
vt 0.522069 0.244405
vt 0.510072 0.244110
vt 0.783454 0.024468
vt 0.523098 0.272348
vt 0.867215 0.054438
vt 0.548922 0.357478
vt 0.933131 0.114181
vt 0.605358 0.426246
vt 0.971167 0.194600
vt 0.683815 0.468182
vt 0.975532 0.283454
vt 0.805399 0.471167
vt 0.945562 0.367215
vt 0.885819 0.433131
vt 0.750000 0.022000
vt 0.750000 0.010000
vt 0.744110 0.010072
vt 0.744404 0.022069
vt 0.738224 0.010289
vt 0.738812 0.022275
vt 0.732345 0.010650
vt 0.733227 0.022618
vt 0.726476 0.011156
vt 0.727652 0.023098
vt 0.720621 0.011805
vt 0.714785 0.012598
vt 0.722090 0.023715
vt 0.708969 0.013533
vt 0.716545 0.024468
vt 0.703178 0.014612
vt 0.711020 0.025357
vt 0.697416 0.015832
vt 0.705519 0.026381
vt 0.691685 0.017192
vt 0.700044 0.027540
vt 0.685989 0.018694
vt 0.694601 0.028833
vt 0.680332 0.020334
vt 0.689189 0.030259
vt 0.674716 0.022113
vt 0.683815 0.031818
vt 0.669146 0.024029
vt 0.678480 0.033508
vt 0.663625 0.026082
vt 0.673189 0.035328
vt 0.658156 0.028269
vt 0.662748 0.039355
vt 0.652742 0.030590
vt 0.657605 0.041560
vt 0.647387 0.033043
vt 0.652517 0.043890
vt 0.642093 0.035626
vt 0.647488 0.046345
vt 0.636865 0.038339
vt 0.631704 0.041179
vt 0.642521 0.048922
vt 0.626615 0.044145
vt 0.637619 0.051620
vt 0.621601 0.047235
vt 0.632784 0.054438
vt 0.616663 0.050447
vt 0.628021 0.057373
vt 0.611806 0.053780
vt 0.623330 0.060425
vt 0.607032 0.057230
vt 0.618716 0.063591
vt 0.602344 0.060797
vt 0.614180 0.066869
vt 0.597746 0.064478
vt 0.609727 0.070257
vt 0.593239 0.068270
vt 0.605359 0.073754
vt 0.588826 0.072172
vt 0.601076 0.077356
vt 0.596884 0.081063
vt 0.580294 0.080294
vt 0.576181 0.084510
vt 0.584872 0.092785
vt 0.572172 0.088826
vt 0.581063 0.096885
vt 0.568270 0.093239
vt 0.577356 0.101077
vt 0.564478 0.097746
vt 0.573754 0.105358
vt 0.560797 0.102344
vt 0.570257 0.109727
vt 0.557230 0.107032
vt 0.566869 0.114181
vt 0.553780 0.111806
vt 0.563590 0.118716
vt 0.550447 0.116663
vt 0.560425 0.123330
vt 0.547235 0.121601
vt 0.557373 0.128020
vt 0.544145 0.126615
vt 0.554438 0.132785
vt 0.541179 0.131704
vt 0.551620 0.137619
vt 0.538339 0.136865
vt 0.548922 0.142522
vt 0.535626 0.142093
vt 0.533043 0.147387
vt 0.546345 0.147489
vt 0.530590 0.152742
vt 0.543891 0.152517
vt 0.528269 0.158156
vt 0.539355 0.162748
vt 0.526082 0.163625
vt 0.537278 0.167944
vt 0.524029 0.169146
vt 0.535328 0.173189
vt 0.522113 0.174716
vt 0.533507 0.178481
vt 0.520334 0.180332
vt 0.531818 0.183815
vt 0.518694 0.185989
vt 0.530259 0.189189
vt 0.517192 0.191685
vt 0.528833 0.194601
vt 0.515831 0.197416
vt 0.527540 0.200045
vt 0.514612 0.203178
vt 0.526381 0.205519
vt 0.513533 0.208969
vt 0.525357 0.211021
vt 0.512598 0.214785
vt 0.524468 0.216545
vt 0.511805 0.220621
vt 0.523715 0.222090
vt 0.511156 0.226476
vt 0.510650 0.232345
vt 0.523098 0.227652
vt 0.510289 0.238224
vt 0.522618 0.233227
vt 0.522275 0.238813
vt 0.667944 0.037278
vt 0.541560 0.157605
vt 1.000000 0.875000
s 1
f 2/1/1 3/2/2 1/3/1
f 4/4/2 5/5/3 3/2/2
f 6/6/3 7/7/4 5/5/3
f 8/8/4 9/9/5 7/7/4
f 10/10/5 11/11/6 9/9/5
f 12/12/6 13/13/7 11/11/6
f 14/14/7 15/15/8 13/13/7
f 16/16/8 17/17/9 15/15/8
f 18/18/9 19/19/10 17/17/9
f 20/20/10 21/21/11 19/19/10
f 22/22/11 23/23/12 21/21/11
f 24/24/12 25/25/13 23/23/12
f 26/26/13 27/27/14 25/25/13
f 28/28/14 29/29/15 27/27/14
f 30/30/15 31/31/16 29/29/15
f 32/32/16 33/33/17 31/31/16
f 34/34/17 35/35/18 33/33/17
f 36/36/18 37/37/19 35/35/18
f 38/38/19 39/39/20 37/37/19
f 40/40/20 41/41/21 39/39/20
f 42/42/21 43/43/22 41/41/21
f 44/44/22 45/45/23 43/43/22
f 46/46/23 47/47/24 45/45/23
f 48/48/24 49/49/25 47/47/24
f 50/50/25 51/51/26 49/49/25
f 52/52/26 53/53/27 51/51/26
f 54/54/27 55/55/28 53/53/27
f 56/56/28 57/57/29 55/55/28
f 58/58/29 59/59/30 57/57/29
f 60/60/30 61/61/31 59/59/30
f 62/62/31 63/63/32 61/61/31
f 64/64/32 65/65/33 63/63/32
f 66/66/33 67/67/34 65/65/33
f 68/68/34 69/69/35 67/67/34
f 70/70/35 71/71/36 69/69/35
f 72/72/36 73/73/37 71/71/36
f 74/74/37 75/75/38 73/73/37
f 76/76/38 77/77/39 75/75/38
f 78/78/39 79/79/40 77/77/39
f 80/80/40 81/81/41 79/79/40
f 82/82/41 83/83/42 81/81/41
f 84/84/42 85/85/43 83/83/42
f 86/86/43 87/87/44 85/85/43
f 88/88/44 89/89/45 87/87/44
f 90/90/45 91/91/46 89/89/45
f 92/92/46 93/93/47 91/91/46
f 94/94/47 95/95/48 93/93/47
f 96/96/48 97/97/49 95/95/48
f 98/98/49 99/99/50 97/97/49
f 100/100/50 101/101/51 99/99/50
f 102/102/51 103/103/52 101/101/51
f 104/104/52 105/105/53 103/103/52
f 106/106/53 107/107/54 105/105/53
f 108/108/54 109/109/55 107/107/54
f 110/110/55 111/111/56 109/109/55
f 112/112/56 113/113/57 111/111/56
f 114/114/57 115/115/58 113/113/57
f 116/116/58 117/117/59 115/115/58
f 118/118/59 119/119/60 117/117/59
f 120/120/60 121/121/61 119/119/60
f 122/122/61 123/123/62 121/121/61
f 124/124/62 125/125/63 123/123/62
f 126/126/63 127/127/64 125/125/63
f 128/128/64 129/129/65 127/127/64
f 130/130/65 131/131/66 129/129/65
f 132/132/66 133/133/67 131/131/66
f 134/134/67 135/135/68 133/133/67
f 136/136/68 137/137/69 135/135/68
f 138/138/69 139/139/70 137/137/69
f 140/140/70 141/141/71 139/139/70
f 142/142/71 143/143/72 141/141/71
f 144/144/72 145/145/73 143/143/72
f 146/146/73 147/147/74 145/145/73
f 148/148/74 149/149/75 147/147/74
f 150/150/75 151/151/76 149/149/75
f 152/152/76 153/153/77 151/151/76
f 154/154/77 155/155/78 153/153/77
f 156/156/78 157/157/79 155/155/78
f 158/158/79 159/159/80 157/157/79
f 160/160/80 161/161/81 159/159/80
f 162/162/81 163/163/82 161/161/81
f 164/164/82 165/165/83 163/163/82
f 166/166/83 167/167/84 165/165/83
f 168/168/84 169/169/85 167/167/84
f 170/170/85 171/171/86 169/169/85
f 172/172/86 173/173/87 171/171/86
f 174/174/87 175/175/88 173/173/87
f 176/176/88 177/177/89 175/175/88
f 178/178/89 179/179/90 177/177/89
f 180/180/90 181/181/91 179/179/90
f 182/182/91 183/183/92 181/181/91
f 184/184/92 185/185/93 183/183/92
f 186/186/93 187/187/94 185/185/93
f 188/188/94 189/189/95 187/187/94
f 190/190/95 191/191/96 189/189/95
f 192/192/96 193/193/97 191/191/96
f 194/194/97 195/195/98 193/193/97
f 196/196/98 197/197/99 195/195/98
f 198/198/99 199/199/100 197/197/99
f 200/200/100 201/201/101 199/199/100
f 202/202/101 203/203/102 201/201/101
f 204/204/102 205/205/103 203/203/102
f 206/206/103 207/207/104 205/205/103
f 208/208/104 209/209/105 207/207/104
f 210/210/105 211/211/106 209/209/105
f 212/212/106 213/213/107 211/211/106
f 214/214/107 215/215/108 213/213/107
f 216/216/108 217/217/109 215/215/108
f 218/218/109 219/219/110 217/217/109
f 220/220/110 221/221/111 219/219/110
f 222/222/111 223/223/112 221/221/111
f 224/224/112 225/225/113 223/223/112
f 226/226/113 227/227/114 225/225/113
f 228/228/114 229/229/115 227/227/114
f 230/230/115 231/231/116 229/229/115
f 232/232/116 233/233/117 231/231/116
f 234/234/117 235/235/118 233/233/117
f 236/236/118 237/237/119 235/235/118
f 238/238/119 239/239/120 237/237/119
f 240/240/120 241/241/121 239/239/120
f 242/242/121 243/243/122 241/241/121
f 244/244/122 245/245/123 243/243/122
f 246/246/123 247/247/124 245/245/123
f 248/248/124 249/249/125 247/247/124
f 250/250/125 251/251/126 249/249/125
f 252/252/126 253/253/127 251/251/126
f 254/254/127 255/255/128 253/253/127
f 256/256/128 257/257/129 255/255/128
f 258/258/129 259/259/130 257/257/129
f 260/260/130 261/261/131 259/259/130
f 262/262/131 263/263/132 261/261/131
f 264/264/132 265/265/133 263/263/132
f 266/266/133 267/267/134 265/265/133
f 268/268/134 269/269/135 267/267/134
f 270/270/135 271/271/136 269/269/135
f 272/272/136 273/273/137 271/271/136
f 274/274/137 275/275/138 273/273/137
f 276/276/138 277/277/139 275/275/138
f 278/278/139 279/279/140 277/277/139
f 280/280/140 281/281/141 279/279/140
f 282/282/141 283/283/142 281/281/141
f 284/284/142 285/285/143 283/283/142
f 286/286/143 287/287/144 285/285/143
f 288/288/144 289/289/145 287/287/144
f 290/290/145 291/291/146 289/289/145
f 292/292/146 293/293/147 291/291/146
f 294/294/147 295/295/148 293/293/147
f 296/296/148 297/297/149 295/295/148
f 298/298/149 299/299/150 297/297/149
f 300/300/150 301/301/151 299/299/150
f 302/302/151 303/303/152 301/301/151
f 304/304/152 305/305/153 303/303/152
f 306/306/153 307/307/154 305/305/153
f 308/308/154 309/309/155 307/307/154
f 310/310/155 311/311/156 309/309/155
f 312/312/156 313/313/157 311/311/156
f 314/314/157 315/315/158 313/313/157
f 316/316/158 317/317/159 315/315/158
f 318/318/159 319/319/160 317/317/159
f 320/320/160 321/321/161 319/319/160
f 322/322/161 323/323/162 321/321/161
f 324/324/162 325/325/163 323/323/162
f 326/326/163 327/327/164 325/325/163
f 328/328/164 329/329/165 327/327/164
f 330/330/165 331/331/166 329/329/165
f 332/332/166 333/333/167 331/331/166
f 334/334/167 335/335/168 333/333/167
f 336/336/168 337/337/169 335/335/168
f 338/338/169 339/339/170 337/337/169
f 340/340/170 341/341/171 339/339/170
f 342/342/171 343/343/172 341/341/171
f 344/344/172 345/345/173 343/343/172
f 346/346/173 347/347/174 345/345/173
f 348/348/174 349/349/175 347/347/174
f 350/350/175 351/351/176 349/349/175
f 352/352/176 353/353/177 351/351/176
f 354/354/177 355/355/178 353/353/177
f 356/356/178 357/357/179 355/355/178
f 358/358/179 359/359/180 357/357/179
f 360/360/180 361/361/181 359/359/180
f 362/362/181 363/363/182 361/361/181
f 364/364/182 365/365/183 363/363/182
f 366/366/183 367/367/184 365/365/183
f 368/368/184 369/369/185 367/367/184
f 370/370/185 371/371/186 369/369/185
f 372/372/186 373/373/187 371/371/186
f 374/374/187 375/375/188 373/373/187
f 376/376/188 377/377/189 375/375/188
f 378/378/189 379/379/190 377/377/189
f 380/380/190 381/381/191 379/379/190
f 382/382/191 383/383/192 381/381/191
f 384/384/192 385/385/193 383/383/192
f 386/386/193 387/387/194 385/385/193
f 388/388/194 389/389/195 387/387/194
f 390/390/195 391/391/196 389/389/195
f 392/392/196 393/393/197 391/391/196
f 394/394/197 395/395/198 393/393/197
f 396/396/198 397/397/199 395/395/198
f 398/398/199 399/399/200 397/397/199
f 400/400/200 401/401/201 399/399/200
f 402/402/201 403/403/202 401/401/201
f 404/404/202 405/405/203 403/403/202
f 406/406/203 407/407/204 405/405/203
f 408/408/204 409/409/205 407/407/204
f 410/410/205 411/411/206 409/409/205
f 412/412/206 413/413/207 411/411/206
f 414/414/207 415/415/208 413/413/207
f 416/416/208 417/417/209 415/415/208
f 418/418/209 419/419/210 417/417/209
f 420/420/210 421/421/211 419/419/210
f 422/422/211 423/423/212 421/421/211
f 424/424/212 425/425/213 423/423/212
f 426/426/213 427/427/214 425/425/213
f 428/428/214 429/429/215 427/427/214
f 430/430/215 431/431/216 429/429/215
f 432/432/216 433/433/217 431/431/216
f 434/434/217 435/435/218 433/433/217
f 436/436/218 437/437/219 435/435/218
f 438/438/219 439/439/220 437/437/219
f 440/440/220 441/441/221 439/439/220
f 442/442/221 443/443/222 441/441/221
f 444/444/222 445/445/223 443/443/222
f 446/446/223 447/447/224 445/445/223
f 448/448/224 449/449/225 447/447/224
f 450/450/225 451/451/226 449/449/225
f 452/452/226 453/453/227 451/451/226
f 454/454/227 455/455/228 453/453/227
f 456/456/228 457/457/229 455/455/228
f 458/458/229 459/459/230 457/457/229
f 460/460/230 461/461/231 459/459/230
f 462/462/231 463/463/232 461/461/231
f 464/464/232 465/465/233 463/463/232
f 466/466/233 467/467/234 465/465/233
f 468/468/234 469/469/235 467/467/234
f 470/470/235 471/471/236 469/469/235
f 472/472/236 473/473/237 471/471/236
f 474/474/237 475/475/238 473/473/237
f 476/476/238 477/477/239 475/475/238
f 478/478/239 479/479/240 477/477/239
f 480/480/240 481/481/241 479/479/240
f 482/482/241 483/483/242 481/481/241
f 484/484/242 485/485/243 483/483/242
f 486/486/243 487/487/244 485/485/243
f 488/488/244 489/489/245 487/487/244
f 490/490/245 491/491/246 489/489/245
f 492/492/246 493/493/247 491/491/246
f 494/494/247 495/495/248 493/493/247
f 496/496/248 497/497/249 495/495/248
f 498/498/249 499/499/250 497/497/249
f 500/500/250 501/501/251 499/499/250
f 502/502/251 503/503/252 501/501/251
f 504/504/252 505/505/253 503/503/252
f 506/506/253 507/507/254 505/505/253
f 508/508/254 509/509/255 507/507/254
f 560/510/256 569/511/256 356/512/256
f 645/513/256 636/514/256 102/515/256
f 510/516/255 511/517/257 509/509/255
f 512/518/257 1/519/1 511/517/257
f 941/520/258 927/521/258 61/522/258
f 319/523/258 970/524/258 983/525/258
f 758/526/130 1006/527/129 1008/528/130
f 762/529/131 1008/528/130 921/530/131
f 761/531/132 921/530/131 922/532/132
f 768/533/133 922/532/132 923/534/133
f 728/535/134 923/534/133 924/536/134
f 729/537/135 924/536/134 769/538/135
f 730/539/136 769/538/135 770/540/136
f 731/541/137 770/540/136 772/542/137
f 646/543/138 772/542/137 771/544/138
f 648/545/139 771/544/138 777/546/139
f 647/547/140 777/546/139 773/548/140
f 654/549/141 773/548/140 776/550/141
f 650/551/142 776/550/141 774/552/142
f 649/553/143 774/552/142 775/554/143
f 653/555/144 775/554/143 787/556/144
f 652/557/145 787/556/144 778/558/145
f 651/559/146 778/558/145 779/560/146
f 656/561/147 779/560/146 780/562/147
f 655/563/148 780/562/147 781/564/148
f 659/565/149 781/564/148 782/566/149
f 658/567/150 782/566/149 784/568/150
f 657/569/151 784/568/150 783/570/151
f 664/571/152 783/570/151 786/572/152
f 660/573/153 786/572/152 785/574/153
f 663/575/154 785/574/153 930/576/154
f 661/577/155 930/576/154 926/578/155
f 662/579/156 926/578/155 925/580/156
f 737/581/157 925/580/156 929/582/157
f 733/583/158 929/582/157 928/584/158
f 732/585/159 928/584/158 927/586/159
f 736/587/160 927/586/159 941/588/160
f 735/589/161 941/588/160 931/590/161
f 735/589/161 932/591/162 734/592/162
f 734/592/162 935/593/163 748/594/163
f 748/594/163 934/595/164 738/596/164
f 738/596/164 933/597/165 739/598/165
f 739/598/165 936/599/166 742/600/166
f 742/600/166 788/601/167 741/602/167
f 741/602/167 789/603/168 740/604/168
f 740/604/168 791/605/169 743/606/169
f 743/606/169 790/607/170 627/608/170
f 627/608/170 796/609/171 629/610/171
f 629/610/171 792/611/172 628/612/172
f 628/612/172 795/613/173 635/614/173
f 635/614/173 793/615/174 631/616/174
f 631/616/174 794/617/175 630/618/175
f 630/618/175 806/619/176 634/620/176
f 634/620/176 798/621/177 633/622/177
f 633/622/177 797/623/178 632/624/178
f 632/624/178 801/625/179 645/626/179
f 645/626/179 800/627/180 636/628/180
f 636/628/180 799/629/181 639/630/181
f 639/630/181 803/631/182 637/632/182
f 637/632/182 802/633/183 638/634/183
f 638/634/183 805/635/184 644/636/184
f 644/636/184 804/637/185 641/638/185
f 641/638/185 937/639/186 640/640/186
f 640/640/186 940/641/187 643/642/187
f 643/642/187 938/643/188 642/644/188
f 642/644/188 939/645/189 744/646/189
f 744/646/189 1010/647/190 747/648/190
f 747/648/190 1009/649/191 745/650/191
f 745/650/191 1013/651/192 746/652/192
f 746/652/192 1011/653/193 765/654/193
f 765/654/193 1012/655/194 767/656/194
f 767/656/194 960/657/195 766/658/195
f 766/658/195 959/659/196 763/660/196
f 763/660/196 961/661/197 764/662/197
f 764/662/197 958/663/198 725/664/198
f 725/664/198 823/665/199 724/666/199
f 724/666/199 822/667/200 726/668/200
f 726/668/200 820/669/201 723/670/201
f 723/670/201 821/671/202 625/672/202
f 625/672/202 825/673/203 624/674/203
f 624/674/203 818/675/204 622/676/204
f 622/676/204 817/677/205 623/678/205
f 623/678/205 819/679/206 619/680/206
f 619/680/206 816/681/207 620/682/207
f 620/682/207 824/683/208 621/684/208
f 621/684/208 812/685/209 617/686/209
f 617/686/209 813/687/210 618/688/210
f 618/688/210 814/689/211 626/690/211
f 626/690/211 810/691/212 614/692/212
f 614/692/212 811/693/213 613/694/213
f 613/694/213 815/695/214 615/696/214
f 615/696/214 808/697/215 612/698/215
f 612/698/215 809/699/216 616/700/216
f 616/700/216 807/701/217 610/702/217
f 610/702/217 956/703/218 611/704/218
f 611/704/218 954/705/219 608/706/219
f 608/706/219 955/707/220 609/708/220
f 609/708/220 957/709/221 721/710/221
f 721/710/221 953/711/222 719/712/222
f 719/712/222 952/713/223 720/714/223
f 720/714/223 962/715/224 722/716/224
f 722/716/224 948/717/225 718/718/225
f 718/718/225 949/719/226 717/720/226
f 717/720/226 950/721/227 727/722/227
f 727/722/227 946/723/228 713/724/228
f 713/724/228 947/725/229 714/726/229
f 714/726/229 951/727/230 715/728/230
f 715/728/230 842/729/231 711/730/231
f 711/730/231 841/731/232 712/732/232
f 712/732/232 843/733/233 716/734/233
f 716/734/233 840/735/234 606/736/234
f 606/736/234 844/737/235 605/738/235
f 605/738/235 837/739/236 603/740/236
f 603/740/236 838/741/237 604/742/237
f 604/742/237 839/743/238 602/744/238
f 602/744/238 835/745/239 601/746/239
f 601/746/239 836/747/240 600/748/240
f 600/748/240 831/749/241 598/750/241
f 598/750/241 832/751/242 599/752/242
f 599/752/242 833/753/243 607/754/243
f 607/754/243 829/755/244 595/756/244
f 595/756/244 830/757/245 594/758/245
f 594/758/245 834/759/246 596/760/246
f 596/760/246 827/761/247 593/762/247
f 593/762/247 828/763/248 597/764/248
f 597/764/248 826/765/249 591/766/249
f 591/766/249 945/767/250 592/768/250
f 592/768/250 944/769/251 589/770/251
f 589/770/251 942/771/252 590/772/252
f 590/772/252 943/773/253 710/774/253
f 710/774/253 1014/775/254 709/776/254
f 709/776/254 1007/777/255 707/778/255
f 707/778/255 1022/779/257 708/780/257
f 708/780/257 1024/781/1 759/782/1
f 759/782/1 1023/783/2 760/784/2
f 760/784/2 980/785/3 754/786/3
f 754/786/3 979/787/4 756/788/4
f 756/788/4 981/789/5 755/790/5
f 755/790/5 978/791/6 703/792/6
f 703/792/6 861/793/7 702/794/7
f 702/794/7 860/795/8 704/796/8
f 704/796/8 862/797/9 701/798/9
f 701/798/9 859/799/10 586/800/10
f 586/800/10 863/801/11 585/802/11
f 585/802/11 856/803/12 583/804/12
f 583/804/12 857/805/13 584/806/13
f 584/806/13 858/807/14 587/808/14
f 587/808/14 854/809/15 581/810/15
f 581/810/15 855/811/16 580/812/16
f 580/812/16 850/813/17 582/814/17
f 582/814/17 852/815/18 579/816/18
f 579/816/18 851/817/19 588/818/19
f 588/818/19 848/819/20 576/820/20
f 576/820/20 849/821/21 575/822/21
f 575/822/21 853/823/22 578/824/22
f 578/824/22 846/825/23 574/826/23
f 574/826/23 847/827/24 577/828/24
f 577/828/24 845/829/25 572/830/25
f 572/830/25 982/831/26 573/832/26
f 573/832/26 975/833/27 570/834/27
f 570/834/27 976/835/28 571/836/28
f 571/836/28 977/837/29 705/838/29
f 705/838/29 973/839/30 698/840/30
f 698/840/30 974/841/31 699/842/31
f 699/842/31 983/843/32 700/844/32
f 700/844/32 970/845/33 696/846/33
f 697/847/34 970/845/33 971/848/34
f 706/849/35 971/848/34 969/850/35
f 693/851/36 969/850/35 967/852/36
f 694/853/37 967/852/36 968/854/37
f 692/855/38 968/854/37 972/856/38
f 690/857/39 972/856/38 880/858/39
f 691/859/40 880/858/39 879/860/40
f 695/861/41 879/860/40 881/862/41
f 567/863/42 881/862/41 878/864/42
f 566/865/43 878/864/42 882/866/43
f 564/867/44 882/866/43 875/868/44
f 565/869/45 875/868/44 876/870/45
f 568/871/46 876/870/45 877/872/46
f 562/873/47 877/872/46 873/874/47
f 561/875/48 873/874/47 874/876/48
f 563/877/49 874/876/48 871/878/49
f 560/879/50 871/878/49 870/880/50
f 569/881/51 870/880/50 869/882/51
f 557/883/52 869/882/51 867/884/52
f 558/885/53 867/884/52 868/886/53
f 559/887/54 868/886/53 872/888/54
f 555/889/55 872/888/54 865/890/55
f 556/891/56 865/890/55 866/892/56
f 553/893/57 866/892/56 864/894/57
f 552/895/58 864/894/57 966/896/58
f 554/897/59 966/896/58 965/898/59
f 551/899/60 965/898/59 963/900/60
f 689/901/61 963/900/60 964/902/61
f 688/903/62 964/902/61 1018/904/62
f 686/905/63 1018/904/62 1019/906/63
f 687/907/64 1019/906/63 1016/908/64
f 749/909/65 1016/908/64 1015/910/65
f 750/911/66 1015/910/65 1017/912/66
f 753/913/67 1017/912/66 984/914/67
f 752/915/68 984/914/67 985/916/68
f 751/917/69 985/916/68 986/918/69
f 665/919/70 986/918/69 987/920/70
f 666/921/71 987/920/70 883/922/71
f 667/923/72 883/922/71 884/924/72
f 668/925/73 884/924/72 885/926/73
f 532/927/74 885/926/73 886/928/74
f 534/929/75 886/928/74 888/930/75
f 533/931/76 888/930/75 887/932/76
f 540/933/77 887/932/76 891/934/77
f 535/935/78 891/934/77 890/936/78
f 536/937/79 890/936/78 889/938/79
f 537/939/80 889/938/79 901/940/80
f 538/941/81 901/940/80 892/942/81
f 539/943/82 892/942/81 895/944/82
f 542/945/83 895/944/82 893/946/83
f 541/947/84 893/946/83 894/948/84
f 545/949/85 894/948/84 900/950/85
f 544/951/86 900/950/85 897/952/86
f 543/953/87 897/952/86 896/954/87
f 550/955/88 896/954/87 899/956/88
f 546/957/89 899/956/88 898/958/89
f 549/959/90 898/958/89 993/960/90
f 547/961/91 993/960/90 989/962/91
f 548/963/92 989/962/91 988/964/92
f 674/965/93 988/964/92 990/966/93
f 670/967/94 990/966/93 992/968/94
f 669/969/95 992/968/94 991/970/95
f 673/971/96 991/970/95 1004/972/96
f 672/973/97 1004/972/96 995/974/97
f 671/975/98 995/974/97 994/976/98
f 685/977/99 994/976/98 998/978/99
f 676/979/100 998/978/99 997/980/100
f 675/981/101 997/980/100 996/982/101
f 679/983/102 996/982/101 1003/984/102
f 678/985/103 1003/984/102 902/986/103
f 677/987/104 902/986/103 903/988/104
f 684/989/105 903/988/104 905/990/105
f 513/991/106 905/990/105 904/992/106
f 515/993/107 904/992/106 910/994/107
f 514/995/108 910/994/107 906/996/108
f 521/997/109 906/996/108 909/998/109
f 517/999/110 909/998/109 907/1000/110
f 516/1001/111 907/1000/110 908/1002/111
f 520/1003/112 908/1002/111 920/1004/112
f 519/1005/113 920/1004/112 911/1006/113
f 518/1007/114 911/1006/113 914/1008/114
f 523/1009/115 914/1008/114 912/1010/115
f 522/1011/116 912/1010/115 913/1012/116
f 526/1013/117 913/1012/116 919/1014/117
f 525/1015/118 919/1014/117 916/1016/118
f 524/1017/119 916/1016/118 915/1018/119
f 531/1019/120 915/1018/119 918/1020/120
f 527/1021/121 918/1020/120 917/1022/121
f 530/1023/122 917/1022/121 999/1024/122
f 528/1025/123 999/1024/122 1002/1026/123
f 529/1027/124 1002/1026/123 1000/1028/124
f 680/1029/125 1000/1028/124 1001/1030/125
f 683/1031/126 1001/1030/125 1021/1032/126
f 681/1033/127 1021/1032/126 1020/1034/127
f 682/1035/128 1020/1034/127 1005/1036/128
f 757/1037/129 1005/1036/128 1006/1038/129
f 2/1/1 4/4/2 3/2/2
f 4/4/2 6/6/3 5/5/3
f 6/6/3 8/8/4 7/7/4
f 8/8/4 10/10/5 9/9/5
f 10/10/5 12/12/6 11/11/6
f 12/12/6 14/14/7 13/13/7
f 14/14/7 16/16/8 15/15/8
f 16/16/8 18/18/9 17/17/9
f 18/18/9 20/20/10 19/19/10
f 20/20/10 22/22/11 21/21/11
f 22/22/11 24/24/12 23/23/12
f 24/24/12 26/26/13 25/25/13
f 26/26/13 28/28/14 27/27/14
f 28/28/14 30/30/15 29/29/15
f 30/30/15 32/32/16 31/31/16
f 32/32/16 34/34/17 33/33/17
f 34/34/17 36/36/18 35/35/18
f 36/36/18 38/38/19 37/37/19
f 38/38/19 40/40/20 39/39/20
f 40/40/20 42/42/21 41/41/21
f 42/42/21 44/44/22 43/43/22
f 44/44/22 46/46/23 45/45/23
f 46/46/23 48/48/24 47/47/24
f 48/48/24 50/50/25 49/49/25
f 50/50/25 52/52/26 51/51/26
f 52/52/26 54/54/27 53/53/27
f 54/54/27 56/56/28 55/55/28
f 56/56/28 58/58/29 57/57/29
f 58/58/29 60/60/30 59/59/30
f 60/60/30 62/62/31 61/61/31
f 62/62/31 64/64/32 63/63/32
f 64/64/32 66/66/33 65/65/33
f 66/66/33 68/68/34 67/67/34
f 68/68/34 70/70/35 69/69/35
f 70/70/35 72/72/36 71/71/36
f 72/72/36 74/74/37 73/73/37
f 74/74/37 76/76/38 75/75/38
f 76/76/38 78/78/39 77/77/39
f 78/78/39 80/80/40 79/79/40
f 80/80/40 82/82/41 81/81/41
f 82/82/41 84/84/42 83/83/42
f 84/84/42 86/86/43 85/85/43
f 86/86/43 88/88/44 87/87/44
f 88/88/44 90/90/45 89/89/45
f 90/90/45 92/92/46 91/91/46
f 92/92/46 94/94/47 93/93/47
f 94/94/47 96/96/48 95/95/48
f 96/96/48 98/98/49 97/97/49
f 98/98/49 100/100/50 99/99/50
f 100/100/50 102/102/51 101/101/51
f 102/102/51 104/104/52 103/103/52
f 104/104/52 106/106/53 105/105/53
f 106/106/53 108/108/54 107/107/54
f 108/108/54 110/110/55 109/109/55
f 110/110/55 112/112/56 111/111/56
f 112/112/56 114/114/57 113/113/57
f 114/114/57 116/116/58 115/115/58
f 116/116/58 118/118/59 117/117/59
f 118/118/59 120/120/60 119/119/60
f 120/120/60 122/122/61 121/121/61
f 122/122/61 124/124/62 123/123/62
f 124/124/62 126/126/63 125/125/63
f 126/126/63 128/128/64 127/127/64
f 128/128/64 130/130/65 129/129/65
f 130/130/65 132/132/66 131/131/66
f 132/132/66 134/134/67 133/133/67
f 134/134/67 136/136/68 135/135/68
f 136/136/68 138/138/69 137/137/69
f 138/138/69 140/140/70 139/139/70
f 140/140/70 142/142/71 141/141/71
f 142/142/71 144/144/72 143/143/72
f 144/144/72 146/146/73 145/145/73
f 146/146/73 148/148/74 147/147/74
f 148/148/74 150/150/75 149/149/75
f 150/150/75 152/152/76 151/151/76
f 152/152/76 154/154/77 153/153/77
f 154/154/77 156/156/78 155/155/78
f 156/156/78 158/158/79 157/157/79
f 158/158/79 160/160/80 159/159/80
f 160/160/80 162/162/81 161/161/81
f 162/162/81 164/164/82 163/163/82
f 164/164/82 166/166/83 165/165/83
f 166/166/83 168/168/84 167/167/84
f 168/168/84 170/170/85 169/169/85
f 170/170/85 172/172/86 171/171/86
f 172/172/86 174/174/87 173/173/87
f 174/174/87 176/176/88 175/175/88
f 176/176/88 178/178/89 177/177/89
f 178/178/89 180/180/90 179/179/90
f 180/180/90 182/182/91 181/181/91
f 182/182/91 184/184/92 183/183/92
f 184/184/92 186/186/93 185/185/93
f 186/186/93 188/188/94 187/187/94
f 188/188/94 190/190/95 189/189/95
f 190/190/95 192/192/96 191/191/96
f 192/192/96 194/194/97 193/193/97
f 194/194/97 196/196/98 195/195/98
f 196/196/98 198/198/99 197/197/99
f 198/198/99 200/200/100 199/199/100
f 200/200/100 202/202/101 201/201/101
f 202/202/101 204/204/102 203/203/102
f 204/204/102 206/206/103 205/205/103
f 206/206/103 208/208/104 207/207/104
f 208/208/104 210/210/105 209/209/105
f 210/210/105 212/212/106 211/211/106
f 212/212/106 214/214/107 213/213/107
f 214/214/107 216/216/108 215/215/108
f 216/216/108 218/218/109 217/217/109
f 218/218/109 220/220/110 219/219/110
f 220/220/110 222/222/111 221/221/111
f 222/222/111 224/224/112 223/223/112
f 224/224/112 226/226/113 225/225/113
f 226/226/113 228/228/114 227/227/114
f 228/228/114 230/230/115 229/229/115
f 230/230/115 232/232/116 231/231/116
f 232/232/116 234/234/117 233/233/117
f 234/234/117 236/236/118 235/235/118
f 236/236/118 238/238/119 237/237/119
f 238/238/119 240/240/120 239/239/120
f 240/240/120 242/242/121 241/241/121
f 242/242/121 244/244/122 243/243/122
f 244/244/122 246/246/123 245/245/123
f 246/246/123 248/248/124 247/247/124
f 248/248/124 250/250/125 249/249/125
f 250/250/125 252/252/126 251/251/126
f 252/252/126 254/254/127 253/253/127
f 254/254/127 256/256/128 255/255/128
f 256/256/128 258/258/129 257/257/129
f 258/258/129 260/260/130 259/259/130
f 260/260/130 262/262/131 261/261/131
f 262/262/131 264/264/132 263/263/132
f 264/264/132 266/266/133 265/265/133
f 266/266/133 268/268/134 267/267/134
f 268/268/134 270/270/135 269/269/135
f 270/270/135 272/272/136 271/271/136
f 272/272/136 274/274/137 273/273/137
f 274/274/137 276/276/138 275/275/138
f 276/276/138 278/278/139 277/277/139
f 278/278/139 280/280/140 279/279/140
f 280/280/140 282/282/141 281/281/141
f 282/282/141 284/284/142 283/283/142
f 284/284/142 286/286/143 285/285/143
f 286/286/143 288/288/144 287/287/144
f 288/288/144 290/290/145 289/289/145
f 290/290/145 292/292/146 291/291/146
f 292/292/146 294/294/147 293/293/147
f 294/294/147 296/296/148 295/295/148
f 296/296/148 298/298/149 297/297/149
f 298/298/149 300/300/150 299/299/150
f 300/300/150 302/302/151 301/301/151
f 302/302/151 304/304/152 303/303/152
f 304/304/152 306/306/153 305/305/153
f 306/306/153 308/308/154 307/307/154
f 308/308/154 310/310/155 309/309/155
f 310/310/155 312/312/156 311/311/156
f 312/312/156 314/314/157 313/313/157
f 314/314/157 316/316/158 315/315/158
f 316/316/158 318/318/159 317/317/159
f 318/318/159 320/320/160 319/319/160
f 320/320/160 322/322/161 321/321/161
f 322/322/161 324/324/162 323/323/162
f 324/324/162 326/326/163 325/325/163
f 326/326/163 328/328/164 327/327/164
f 328/328/164 330/330/165 329/329/165
f 330/330/165 332/332/166 331/331/166
f 332/332/166 334/334/167 333/333/167
f 334/334/167 336/336/168 335/335/168
f 336/336/168 338/338/169 337/337/169
f 338/338/169 340/340/170 339/339/170
f 340/340/170 342/342/171 341/341/171
f 342/342/171 344/344/172 343/343/172
f 344/344/172 346/346/173 345/345/173
f 346/346/173 348/348/174 347/347/174
f 348/348/174 350/350/175 349/349/175
f 350/350/175 352/352/176 351/351/176
f 352/352/176 354/354/177 353/353/177
f 354/354/177 356/356/178 355/355/178
f 356/356/178 358/358/179 357/357/179
f 358/358/179 360/360/180 359/359/180
f 360/360/180 362/362/181 361/361/181
f 362/362/181 364/364/182 363/363/182
f 364/364/182 366/366/183 365/365/183
f 366/366/183 368/368/184 367/367/184
f 368/368/184 370/370/185 369/369/185
f 370/370/185 372/372/186 371/371/186
f 372/372/186 374/374/187 373/373/187
f 374/374/187 376/376/188 375/375/188
f 376/376/188 378/378/189 377/377/189
f 378/378/189 380/380/190 379/379/190
f 380/380/190 382/382/191 381/381/191
f 382/382/191 384/384/192 383/383/192
f 384/384/192 386/386/193 385/385/193
f 386/386/193 388/388/194 387/387/194
f 388/388/194 390/390/195 389/389/195
f 390/390/195 392/392/196 391/391/196
f 392/392/196 394/394/197 393/393/197
f 394/394/197 396/396/198 395/395/198
f 396/396/198 398/398/199 397/397/199
f 398/398/199 400/400/200 399/399/200
f 400/400/200 402/402/201 401/401/201
f 402/402/201 404/404/202 403/403/202
f 404/404/202 406/406/203 405/405/203
f 406/406/203 408/408/204 407/407/204
f 408/408/204 410/410/205 409/409/205
f 410/410/205 412/412/206 411/411/206
f 412/412/206 414/414/207 413/413/207
f 414/414/207 416/416/208 415/415/208
f 416/416/208 418/418/209 417/417/209
f 418/418/209 420/420/210 419/419/210
f 420/420/210 422/422/211 421/421/211
f 422/422/211 424/424/212 423/423/212
f 424/424/212 426/426/213 425/425/213
f 426/426/213 428/428/214 427/427/214
f 428/428/214 430/430/215 429/429/215
f 430/430/215 432/432/216 431/431/216
f 432/432/216 434/434/217 433/433/217
f 434/434/217 436/436/218 435/435/218
f 436/436/218 438/438/219 437/437/219
f 438/438/219 440/440/220 439/439/220
f 440/440/220 442/442/221 441/441/221
f 442/442/221 444/444/222 443/443/222
f 444/444/222 446/446/223 445/445/223
f 446/446/223 448/448/224 447/447/224
f 448/448/224 450/450/225 449/449/225
f 450/450/225 452/452/226 451/451/226
f 452/452/226 454/454/227 453/453/227
f 454/454/227 456/456/228 455/455/228
f 456/456/228 458/458/229 457/457/229
f 458/458/229 460/460/230 459/459/230
f 460/460/230 462/462/231 461/461/231
f 462/462/231 464/464/232 463/463/232
f 464/464/232 466/466/233 465/465/233
f 466/466/233 468/468/234 467/467/234
f 468/468/234 470/470/235 469/469/235
f 470/470/235 472/472/236 471/471/236
f 472/472/236 474/474/237 473/473/237
f 474/474/237 476/476/238 475/475/238
f 476/476/238 478/478/239 477/477/239
f 478/478/239 480/480/240 479/479/240
f 480/480/240 482/482/241 481/481/241
f 482/482/241 484/484/242 483/483/242
f 484/484/242 486/486/243 485/485/243
f 486/486/243 488/488/244 487/487/244
f 488/488/244 490/490/245 489/489/245
f 490/490/245 492/492/246 491/491/246
f 492/492/246 494/494/247 493/493/247
f 494/494/247 496/496/248 495/495/248
f 496/496/248 498/498/249 497/497/249
f 498/498/249 500/500/250 499/499/250
f 500/500/250 502/502/251 501/501/251
f 502/502/251 504/504/252 503/503/252
f 504/504/252 506/506/253 505/505/253
f 506/506/253 508/508/254 507/507/254
f 508/508/254 510/516/255 509/509/255
f 296/1039/256 294/1040/256 588/1041/256
f 294/1040/256 292/1042/256 579/1043/256
f 292/1042/256 290/1044/256 579/1043/256
f 290/1044/256 288/1045/256 582/1046/256
f 579/1043/256 290/1044/256 582/1046/256
f 288/1045/256 286/1047/256 580/1048/256
f 286/1047/256 284/1049/256 581/1050/256
f 580/1048/256 286/1047/256 581/1050/256
f 284/1049/256 282/1051/256 587/1052/256
f 282/1051/256 280/1053/256 584/1054/256
f 587/1052/256 282/1051/256 584/1054/256
f 280/1053/256 278/1055/256 583/1056/256
f 278/1055/256 276/1057/256 585/1058/256
f 583/1056/256 278/1055/256 585/1058/256
f 276/1057/256 274/1059/256 586/1060/256
f 274/1059/256 272/1061/256 701/1062/256
f 586/1060/256 274/1059/256 701/1062/256
f 272/1061/256 270/1063/256 702/1064/256
f 270/1063/256 268/1065/256 703/1066/256
f 268/1065/256 266/1067/256 755/1068/256
f 266/1067/256 264/1069/256 756/1070/256
f 264/1069/256 262/1071/256 754/1072/256
f 262/1071/256 260/1073/256 760/1074/256
f 260/1073/256 258/1075/256 759/1076/256
f 258/1075/256 256/1077/256 708/1078/256
f 256/1077/256 254/1079/256 707/1080/256
f 254/1079/256 252/1081/256 709/1082/256
f 252/1081/256 250/1083/256 710/1084/256
f 250/1083/256 248/1085/256 590/1086/256
f 248/1085/256 246/1087/256 589/1088/256
f 246/1087/256 244/1089/256 589/1088/256
f 244/1089/256 242/1090/256 592/1091/256
f 242/1090/256 240/1092/256 591/1093/256
f 592/1091/256 242/1090/256 591/1093/256
f 240/1092/256 238/1094/256 593/1095/256
f 238/1094/256 236/1096/256 596/1097/256
f 236/1096/256 234/1098/256 594/1099/256
f 234/1098/256 232/1100/256 595/1101/256
f 232/1100/256 230/1102/256 607/1103/256
f 230/1102/256 228/1104/256 599/1105/256
f 228/1104/256 226/1106/256 598/1107/256
f 226/1106/256 224/1108/256 600/1109/256
f 224/1108/256 222/1110/256 601/1111/256
f 222/1110/256 220/1112/256 602/1113/256
f 220/1112/256 218/1114/256 604/1115/256
f 218/1114/256 216/1116/256 603/1117/256
f 216/1116/256 214/1118/256 603/1117/256
f 214/1118/256 212/1119/256 605/1120/256
f 603/1117/256 214/1118/256 605/1120/256
f 212/1119/256 210/1121/256 606/1122/256
f 210/1121/256 208/1123/256 716/1124/256
f 606/1122/256 210/1121/256 716/1124/256
f 208/1123/256 206/1125/256 711/1126/256
f 206/1125/256 204/1127/256 715/1128/256
f 204/1127/256 202/1129/256 714/1130/256
f 202/1129/256 200/1131/256 713/1132/256
f 200/1131/256 198/1133/256 727/1134/256
f 198/1133/256 196/1135/256 717/1136/256
f 196/1135/256 194/1137/256 718/1138/256
f 194/1137/256 192/1139/256 722/1140/256
f 192/1139/256 190/1141/256 720/1142/256
f 190/1141/256 188/1143/256 719/1144/256
f 188/1143/256 186/1145/256 721/1146/256
f 186/1145/256 184/1147/256 609/1148/256
f 184/1147/256 182/1149/256 608/1150/256
f 182/1149/256 180/1151/256 608/1150/256
f 180/1151/256 178/1152/256 611/1153/256
f 178/1152/256 176/1154/256 610/1155/256
f 611/1153/256 178/1152/256 610/1155/256
f 176/1154/256 174/1156/256 612/1157/256
f 174/1156/256 172/1158/256 615/1159/256
f 172/1158/256 170/1160/256 613/1161/256
f 170/1160/256 168/1162/256 614/1163/256
f 168/1162/256 166/1164/256 626/1165/256
f 168/1162/256 626/1165/256 614/1163/256
f 174/1156/256 615/1159/256 612/1157/256
f 170/1160/256 614/1163/256 613/1161/256
f 608/1150/256 180/1151/256 611/1153/256
f 190/1141/256 719/1144/256 720/1142/256
f 186/1145/256 609/1148/256 721/1146/256
f 609/1148/256 184/1147/256 608/1150/256
f 198/1133/256 717/1136/256 727/1134/256
f 194/1137/256 722/1140/256 718/1138/256
f 206/1125/256 715/1128/256 711/1126/256
f 202/1129/256 713/1132/256 714/1130/256
f 222/1110/256 602/1113/256 601/1111/256
f 218/1114/256 603/1117/256 604/1115/256
f 230/1102/256 599/1105/256 607/1103/256
f 226/1106/256 600/1109/256 598/1107/256
f 238/1094/256 596/1097/256 593/1095/256
f 234/1098/256 595/1101/256 594/1099/256
f 589/1088/256 244/1089/256 592/1091/256
f 254/1079/256 709/1082/256 707/1080/256
f 250/1083/256 590/1086/256 710/1084/256
f 590/1086/256 248/1085/256 589/1088/256
f 262/1071/256 760/1074/256 754/1072/256
f 258/1075/256 708/1078/256 759/1076/256
f 270/1063/256 703/1066/256 702/1064/256
f 266/1067/256 756/1070/256 755/1068/256
f 294/1040/256 579/1043/256 588/1041/256
f 300/1166/256 298/1167/256 575/1168/256
f 298/1167/256 296/1039/256 576/1169/256
f 304/1170/256 302/1171/256 574/1172/256
f 302/1171/256 300/1166/256 578/1173/256
f 308/1174/256 306/1175/256 572/1176/256
f 306/1175/256 304/1170/256 577/1177/256
f 312/1178/256 310/1179/256 570/1180/256
f 310/1179/256 308/1174/256 573/1181/256
f 316/1182/256 314/1183/256 705/1184/256
f 314/1183/256 312/1178/256 571/1185/256
f 320/1186/256 318/1187/256 700/1188/256
f 318/1187/256 316/1182/256 699/1189/256
f 700/1188/256 318/1187/256 699/1189/256
f 324/1190/256 322/1191/256 696/1192/256
f 322/1191/256 320/1186/256 696/1192/256
f 328/1193/256 326/1194/256 706/1195/256
f 326/1194/256 324/1190/256 697/1196/256
f 332/1197/256 330/1198/256 694/1199/256
f 330/1198/256 328/1193/256 693/1200/256
f 336/1201/256 334/1202/256 690/1203/256
f 334/1202/256 332/1197/256 692/1204/256
f 340/1205/256 338/1206/256 695/1207/256
f 338/1206/256 336/1201/256 691/1208/256
f 344/1209/256 342/1210/256 566/1211/256
f 342/1210/256 340/1205/256 567/1212/256
f 348/1213/256 346/1214/256 565/1215/256
f 346/1214/256 344/1209/256 564/1216/256
f 352/1217/256 350/1218/256 561/1219/256
f 350/1218/256 348/1213/256 562/1220/256
f 561/1219/256 350/1218/256 562/1220/256
f 356/512/256 354/1221/256 560/510/256
f 354/1221/256 352/1217/256 563/1222/256
f 560/510/256 354/1221/256 563/1222/256
f 360/1223/256 358/1224/256 557/1225/256
f 358/1224/256 356/512/256 569/511/256
f 557/1225/256 358/1224/256 569/511/256
f 364/1226/256 362/1227/256 559/1228/256
f 362/1227/256 360/1223/256 558/1229/256
f 559/1228/256 362/1227/256 558/1229/256
f 368/1230/256 366/1231/256 556/1232/256
f 366/1231/256 364/1226/256 555/1233/256
f 556/1232/256 366/1231/256 555/1233/256
f 372/1234/256 370/1235/256 552/1236/256
f 370/1235/256 368/1230/256 553/1237/256
f 552/1236/256 370/1235/256 553/1237/256
f 376/1238/256 374/1239/256 554/1240/256
f 374/1239/256 372/1234/256 552/1236/256
f 380/1241/256 378/1242/256 689/1243/256
f 378/1242/256 376/1238/256 551/1244/256
f 384/1245/256 382/1246/256 687/1247/256
f 382/1246/256 380/1241/256 686/1248/256
f 687/1247/256 382/1246/256 686/1248/256
f 388/1249/256 386/1250/256 750/1251/256
f 386/1250/256 384/1245/256 749/1252/256
f 750/1251/256 386/1250/256 749/1252/256
f 392/1253/256 390/1254/256 752/1255/256
f 390/1254/256 388/1249/256 753/1256/256
f 752/1255/256 390/1254/256 753/1256/256
f 396/1257/256 394/1258/256 665/1259/256
f 394/1258/256 392/1253/256 751/1260/256
f 665/1259/256 394/1258/256 751/1260/256
f 400/1261/256 398/1262/256 667/1263/256
f 398/1262/256 396/1257/256 666/1264/256
f 667/1263/256 398/1262/256 666/1264/256
f 404/1265/256 402/1266/256 532/1267/256
f 402/1266/256 400/1261/256 668/1268/256
f 532/1267/256 402/1266/256 668/1268/256
f 408/1269/256 406/1270/256 534/1271/256
f 406/1270/256 404/1265/256 534/1271/256
f 412/1272/256 410/1273/256 540/1274/256
f 410/1273/256 408/1269/256 533/1275/256
f 416/1276/256 414/1277/256 537/1278/256
f 414/1277/256 412/1272/256 536/1279/256
f 537/1278/256 414/1277/256 536/1279/256
f 420/1280/256 418/1281/256 539/1282/256
f 418/1281/256 416/1276/256 538/1283/256
f 539/1282/256 418/1281/256 538/1283/256
f 424/1284/256 422/1285/256 541/1286/256
f 422/1285/256 420/1280/256 542/1287/256
f 541/1286/256 422/1285/256 542/1287/256
f 428/1288/256 426/1289/256 544/1290/256
f 426/1289/256 424/1284/256 545/1291/256
f 544/1290/256 426/1289/256 545/1291/256
f 432/1292/256 430/1293/256 550/1294/256
f 430/1293/256 428/1288/256 543/1295/256
f 550/1294/256 430/1293/256 543/1295/256
f 436/1296/256 434/1297/256 549/1298/256
f 434/1297/256 432/1292/256 546/1299/256
f 549/1298/256 434/1297/256 546/1299/256
f 440/1300/256 438/1301/256 547/1302/256
f 438/1301/256 436/1296/256 549/1298/256
f 444/1303/256 442/1304/256 674/1305/256
f 442/1304/256 440/1300/256 548/1306/256
f 448/1307/256 446/1308/256 673/1309/256
f 446/1308/256 444/1303/256 669/1310/256
f 673/1309/256 446/1308/256 669/1310/256
f 452/1311/256 450/1312/256 671/1313/256
f 450/1312/256 448/1307/256 672/1314/256
f 671/1313/256 450/1312/256 672/1314/256
f 456/1315/256 454/1316/256 676/1317/256
f 454/1316/256 452/1311/256 685/1318/256
f 676/1317/256 454/1316/256 685/1318/256
f 460/1319/256 458/1320/256 679/1321/256
f 458/1320/256 456/1315/256 675/1322/256
f 679/1321/256 458/1320/256 675/1322/256
f 464/1323/256 462/1324/256 677/1325/256
f 462/1324/256 460/1319/256 678/1326/256
f 677/1325/256 462/1324/256 678/1326/256
f 468/1327/256 466/1328/256 513/1329/256
f 466/1328/256 464/1323/256 684/1330/256
f 513/1329/256 466/1328/256 684/1330/256
f 472/1331/256 470/1332/256 515/1333/256
f 470/1332/256 468/1327/256 515/1333/256
f 476/1334/256 474/1335/256 521/1336/256
f 474/1335/256 472/1331/256 514/1337/256
f 480/1338/256 478/1339/256 520/1340/256
f 478/1339/256 476/1334/256 516/1341/256
f 520/1340/256 478/1339/256 516/1341/256
f 484/1342/256 482/1343/256 518/1344/256
f 482/1343/256 480/1338/256 519/1345/256
f 518/1344/256 482/1343/256 519/1345/256
f 488/1346/256 486/1347/256 522/1348/256
f 486/1347/256 484/1342/256 523/1349/256
f 522/1348/256 486/1347/256 523/1349/256
f 492/1350/256 490/1351/256 525/1352/256
f 490/1351/256 488/1346/256 526/1353/256
f 525/1352/256 490/1351/256 526/1353/256
f 496/1354/256 494/1355/256 531/1356/256
f 494/1355/256 492/1350/256 524/1357/256
f 531/1356/256 494/1355/256 524/1357/256
f 500/1358/256 498/1359/256 530/1360/256
f 498/1359/256 496/1354/256 527/1361/256
f 530/1360/256 498/1359/256 527/1361/256
f 504/1362/256 502/1363/256 528/1364/256
f 502/1363/256 500/1358/256 530/1360/256
f 508/1365/256 506/1366/256 680/1367/256
f 506/1366/256 504/1362/256 529/1368/256
f 512/1369/256 510/1370/256 682/1371/256
f 510/1370/256 508/1365/256 681/1372/256
f 682/1371/256 510/1370/256 681/1372/256
f 4/1373/256 2/1374/256 758/1375/256
f 2/1374/256 512/1369/256 757/1376/256
f 758/1375/256 2/1374/256 757/1376/256
f 8/1377/256 6/1378/256 761/1379/256
f 6/1378/256 4/1373/256 762/1380/256
f 761/1379/256 6/1378/256 762/1380/256
f 12/1381/256 10/1382/256 728/1383/256
f 10/1382/256 8/1377/256 768/1384/256
f 728/1383/256 10/1382/256 768/1384/256
f 16/1385/256 14/1386/256 730/1387/256
f 14/1386/256 12/1381/256 729/1388/256
f 730/1387/256 14/1386/256 729/1388/256
f 20/1389/256 18/1390/256 646/1391/256
f 18/1390/256 16/1385/256 731/1392/256
f 646/1391/256 18/1390/256 731/1392/256
f 24/1393/256 22/1394/256 648/1395/256
f 22/1394/256 20/1389/256 648/1395/256
f 28/1396/256 26/1397/256 654/1398/256
f 26/1397/256 24/1393/256 647/1399/256
f 32/1400/256 30/1401/256 653/1402/256
f 30/1401/256 28/1396/256 649/1403/256
f 653/1402/256 30/1401/256 649/1403/256
f 36/1404/256 34/1405/256 651/1406/256
f 34/1405/256 32/1400/256 652/1407/256
f 651/1406/256 34/1405/256 652/1407/256
f 656/1408/256 38/1409/256 36/1404/256
f 651/1406/256 656/1408/256 36/1404/256
f 26/1397/256 647/1399/256 654/1398/256
f 20/1389/256 646/1391/256 648/1395/256
f 506/1366/256 529/1368/256 680/1367/256
f 502/1363/256 530/1360/256 528/1364/256
f 474/1335/256 514/1337/256 521/1336/256
f 468/1327/256 513/1329/256 515/1333/256
f 442/1304/256 548/1306/256 674/1305/256
f 438/1301/256 549/1298/256 547/1302/256
f 410/1273/256 533/1275/256 540/1274/256
f 404/1265/256 532/1267/256 534/1271/256
f 378/1242/256 551/1244/256 689/1243/256
f 374/1239/256 552/1236/256 554/1240/256
f 346/1214/256 564/1216/256 565/1215/256
f 342/1210/256 567/1212/256 566/1211/256
f 338/1206/256 691/1208/256 695/1207/256
f 334/1202/256 692/1204/256 690/1203/256
f 330/1198/256 693/1200/256 694/1199/256
f 326/1194/256 697/1196/256 706/1195/256
f 697/1196/256 324/1190/256 696/1192/256
f 696/1192/256 320/1186/256 700/1188/256
f 314/1183/256 571/1185/256 705/1184/256
f 310/1179/256 573/1181/256 570/1180/256
f 306/1175/256 577/1177/256 572/1176/256
f 302/1171/256 578/1173/256 574/1172/256
f 298/1167/256 576/1169/256 575/1168/256
f 172/1158/256 613/1161/256 615/1159/256
f 196/1135/256 718/1138/256 717/1136/256
f 228/1104/256 598/1107/256 599/1105/256
f 260/1073/256 759/1076/256 760/1074/256
f 581/1050/256 284/1049/256 587/1052/256
f 408/1269/256 534/1271/256 533/1275/256
f 472/1331/256 515/1333/256 514/1337/256
f 24/1393/256 648/1395/256 647/1399/256
f 652/1407/256 32/1400/256 653/1402/256
f 768/1384/256 8/1377/256 761/1379/256
f 526/1353/256 488/1346/256 522/1348/256
f 675/1322/256 456/1315/256 676/1317/256
f 545/1291/256 424/1284/256 541/1286/256
f 751/1260/256 392/1253/256 752/1255/256
f 558/1229/256 360/1223/256 557/1225/256
f 336/1201/256 690/1203/256 691/1208/256
f 304/1170/256 574/1172/256 577/1177/256
f 176/1154/256 612/1157/256 616/1410/256
f 176/1154/256 616/1410/256 610/1155/256
f 650/1411/256 649/1403/256 28/1396/256
f 654/1398/256 650/1411/256 28/1396/256
f 188/1143/256 721/1146/256 719/1144/256
f 731/1392/256 16/1385/256 730/1387/256
f 729/1388/256 12/1381/256 728/1383/256
f 192/1139/256 720/1142/256 722/1140/256
f 762/1380/256 4/1373/256 758/1375/256
f 200/1131/256 727/1134/256 713/1132/256
f 757/1376/256 512/1369/256 682/1371/256
f 204/1127/256 714/1130/256 715/1128/256
f 208/1123/256 711/1126/256 712/1412/256
f 683/1413/256 681/1372/256 508/1365/256
f 208/1123/256 712/1412/256 716/1124/256
f 680/1367/256 683/1413/256 508/1365/256
f 606/1122/256 605/1120/256 212/1119/256
f 528/1364/256 529/1368/256 504/1362/256
f 220/1112/256 604/1115/256 602/1113/256
f 527/1361/256 496/1354/256 531/1356/256
f 224/1108/256 601/1111/256 600/1109/256
f 524/1357/256 492/1350/256 525/1352/256
f 232/1100/256 607/1103/256 595/1101/256
f 523/1349/256 484/1342/256 518/1344/256
f 236/1096/256 594/1099/256 596/1097/256
f 519/1345/256 480/1338/256 520/1340/256
f 240/1092/256 593/1095/256 597/1414/256
f 240/1092/256 597/1414/256 591/1093/256
f 517/1415/256 516/1341/256 476/1334/256
f 521/1336/256 517/1415/256 476/1334/256
f 252/1081/256 710/1084/256 709/1082/256
f 684/1330/256 464/1323/256 677/1325/256
f 678/1326/256 460/1319/256 679/1321/256
f 256/1077/256 707/1080/256 708/1078/256
f 685/1318/256 452/1311/256 671/1313/256
f 264/1069/256 754/1072/256 756/1070/256
f 672/1314/256 448/1307/256 673/1309/256
f 268/1065/256 755/1068/256 703/1066/256
f 272/1061/256 702/1064/256 704/1416/256
f 670/1417/256 669/1310/256 444/1303/256
f 272/1061/256 704/1416/256 701/1062/256
f 674/1305/256 670/1417/256 444/1303/256
f 586/1060/256 585/1058/256 276/1057/256
f 547/1302/256 548/1306/256 440/1300/256
f 583/1056/256 584/1054/256 280/1053/256
f 546/1299/256 432/1292/256 550/1294/256
f 543/1295/256 428/1288/256 544/1290/256
f 580/1048/256 582/1046/256 288/1045/256
f 296/1039/256 588/1041/256 576/1169/256
f 542/1287/256 420/1280/256 539/1282/256
f 300/1166/256 575/1168/256 578/1173/256
f 538/1283/256 416/1276/256 537/1278/256
f 308/1174/256 572/1176/256 573/1181/256
f 535/1418/256 536/1279/256 412/1272/256
f 540/1274/256 535/1418/256 412/1272/256
f 312/1178/256 570/1180/256 571/1185/256
f 668/1268/256 400/1261/256 667/1263/256
f 316/1182/256 705/1184/256 698/1419/256
f 316/1182/256 698/1419/256 699/1189/256
f 666/1264/256 396/1257/256 665/1259/256
f 328/1193/256 706/1195/256 693/1200/256
f 753/1256/256 388/1249/256 750/1251/256
f 749/1252/256 384/1245/256 687/1247/256
f 332/1197/256 694/1199/256 692/1204/256
f 688/1420/256 686/1248/256 380/1241/256
f 340/1205/256 695/1207/256 567/1212/256
f 689/1243/256 688/1420/256 380/1241/256
f 344/1209/256 566/1211/256 564/1216/256
f 554/1240/256 551/1244/256 376/1238/256
f 348/1213/256 565/1215/256 568/1421/256
f 553/1237/256 368/1230/256 556/1232/256
f 348/1213/256 568/1421/256 562/1220/256
f 555/1233/256 364/1226/256 559/1228/256
f 561/1219/256 563/1222/256 352/1217/256
f 100/1422/256 98/1423/256 633/1424/256
f 98/1423/256 96/1425/256 634/1426/256
f 96/1425/256 94/1427/256 630/1428/256
f 94/1427/256 92/1429/256 631/1430/256
f 92/1429/256 90/1431/256 635/1432/256
f 90/1431/256 88/1433/256 628/1434/256
f 88/1433/256 86/1435/256 629/1436/256
f 86/1435/256 84/1437/256 627/1438/256
f 84/1437/256 82/1439/256 743/1440/256
f 82/1439/256 80/1441/256 740/1442/256
f 80/1441/256 78/1443/256 741/1444/256
f 78/1443/256 76/1445/256 741/1444/256
f 76/1445/256 74/1446/256 742/1447/256
f 74/1446/256 72/1448/256 739/1449/256
f 742/1447/256 74/1446/256 739/1449/256
f 72/1448/256 70/1450/256 748/1451/256
f 70/1450/256 68/1452/256 734/1453/256
f 68/1452/256 66/1454/256 735/1455/256
f 66/1454/256 64/1456/256 736/1457/256
f 64/1456/256 62/1458/256 732/1459/256
f 62/1458/256 60/1460/256 733/1461/256
f 60/1460/256 58/1462/256 737/1463/256
f 58/1462/256 56/1464/256 662/1465/256
f 56/1464/256 54/1466/256 661/1467/256
f 54/1466/256 52/1468/256 663/1469/256
f 52/1468/256 50/1470/256 660/1471/256
f 50/1470/256 48/1472/256 664/1473/256
f 48/1472/256 46/1474/256 664/1473/256
f 46/1474/256 44/1475/256 657/1476/256
f 664/1473/256 46/1474/256 657/1476/256
f 44/1475/256 42/1477/256 658/1478/256
f 42/1477/256 40/1479/256 659/1480/256
f 658/1478/256 42/1477/256 659/1480/256
f 40/1479/256 38/1409/256 656/1408/256
f 40/1479/256 656/1408/256 655/1481/256
f 54/1466/256 663/1469/256 661/1467/256
f 50/1470/256 664/1473/256 660/1471/256
f 62/1458/256 733/1461/256 732/1459/256
f 58/1462/256 662/1465/256 737/1463/256
f 70/1450/256 734/1453/256 748/1451/256
f 66/1454/256 736/1457/256 735/1455/256
f 741/1444/256 76/1445/256 742/1447/256
f 86/1435/256 627/1438/256 629/1436/256
f 82/1439/256 740/1442/256 743/1440/256
f 740/1442/256 80/1441/256 741/1444/256
f 94/1427/256 631/1430/256 630/1428/256
f 90/1431/256 628/1434/256 635/1432/256
f 102/515/256 100/1422/256 632/1482/256
f 98/1423/256 634/1426/256 633/1424/256
f 106/1483/256 104/1484/256 639/1485/256
f 104/1484/256 102/515/256 636/514/256
f 639/1485/256 104/1484/256 636/514/256
f 110/1486/256 108/1487/256 638/1488/256
f 108/1487/256 106/1483/256 637/1489/256
f 638/1488/256 108/1487/256 637/1489/256
f 114/1490/256 112/1491/256 641/1492/256
f 112/1491/256 110/1486/256 644/1493/256
f 641/1492/256 112/1491/256 644/1493/256
f 118/1494/256 116/1495/256 643/1496/256
f 116/1495/256 114/1490/256 640/1497/256
f 643/1496/256 116/1495/256 640/1497/256
f 122/1498/256 120/1499/256 744/1500/256
f 120/1499/256 118/1494/256 642/1501/256
f 744/1500/256 120/1499/256 642/1501/256
f 126/1502/256 124/1503/256 745/1504/256
f 124/1503/256 122/1498/256 747/1505/256
f 745/1504/256 124/1503/256 747/1505/256
f 130/1506/256 128/1507/256 746/1508/256
f 128/1507/256 126/1502/256 746/1508/256
f 134/1509/256 132/1510/256 767/1511/256
f 132/1510/256 130/1506/256 765/1512/256
f 138/1513/256 136/1514/256 764/1515/256
f 136/1514/256 134/1509/256 763/1516/256
f 764/1515/256 136/1514/256 763/1516/256
f 142/1517/256 140/1518/256 724/1519/256
f 140/1518/256 138/1513/256 725/1520/256
f 724/1519/256 140/1518/256 725/1520/256
f 146/1521/256 144/1522/256 723/1523/256
f 144/1522/256 142/1517/256 726/1524/256
f 723/1523/256 144/1522/256 726/1524/256
f 150/1525/256 148/1526/256 624/1527/256
f 148/1526/256 146/1521/256 625/1528/256
f 624/1527/256 148/1526/256 625/1528/256
f 154/1529/256 152/1530/256 623/1531/256
f 152/1530/256 150/1525/256 622/1532/256
f 623/1531/256 152/1530/256 622/1532/256
f 158/1533/256 156/1534/256 620/1535/256
f 156/1534/256 154/1529/256 619/1536/256
f 620/1535/256 156/1534/256 619/1536/256
f 162/1537/256 160/1538/256 621/1539/256
f 160/1538/256 158/1533/256 620/1535/256
f 166/1164/256 164/1540/256 618/1541/256
f 164/1540/256 162/1537/256 617/1542/256
f 618/1541/256 626/1165/256 166/1164/256
f 617/1542/256 618/1541/256 164/1540/256
f 160/1538/256 620/1535/256 621/1539/256
f 132/1510/256 765/1512/256 767/1511/256
f 126/1502/256 745/1504/256 746/1508/256
f 40/1479/256 655/1481/256 659/1480/256
f 60/1460/256 737/1463/256 733/1461/256
f 92/1429/256 635/1432/256 631/1430/256
f 130/1506/256 746/1508/256 765/1512/256
f 621/1539/256 617/1542/256 162/1537/256
f 625/1528/256 146/1521/256 723/1523/256
f 640/1497/256 114/1490/256 641/1492/256
f 658/1478/256 657/1476/256 44/1475/256
f 619/1536/256 154/1529/256 623/1531/256
f 52/1468/256 660/1471/256 663/1469/256
f 622/1532/256 150/1525/256 624/1527/256
f 56/1464/256 661/1467/256 662/1465/256
f 726/1524/256 142/1517/256 724/1519/256
f 64/1456/256 732/1459/256 736/1457/256
f 725/1520/256 138/1513/256 764/1515/256
f 68/1452/256 735/1455/256 734/1453/256
f 766/1543/256 763/1516/256 134/1509/256
f 767/1511/256 766/1543/256 134/1509/256
f 72/1448/256 748/1451/256 738/1544/256
f 72/1448/256 738/1544/256 739/1449/256
f 747/1505/256 122/1498/256 744/1500/256
f 84/1437/256 743/1440/256 627/1438/256
f 642/1501/256 118/1494/256 643/1496/256
f 88/1433/256 629/1436/256 628/1434/256
f 644/1493/256 110/1486/256 638/1488/256
f 637/1489/256 106/1483/256 639/1485/256
f 96/1425/256 630/1428/256 634/1426/256
f 100/1422/256 633/1424/256 632/1482/256
f 102/515/256 632/1482/256 645/513/256
f 510/516/255 512/518/257 511/517/257
f 512/518/257 2/1545/1 1/519/1
f 509/1546/258 511/1547/258 1020/1548/258
f 511/1547/258 1/1549/258 1005/1550/258
f 1020/1548/258 511/1547/258 1005/1550/258
f 1/1549/258 3/1551/258 1006/1552/258
f 3/1551/258 5/1553/258 1008/1554/258
f 1006/1552/258 3/1551/258 1008/1554/258
f 5/1553/258 7/1555/258 921/1556/258
f 7/1555/258 9/1557/258 922/1558/258
f 921/1556/258 7/1555/258 922/1558/258
f 9/1557/258 11/1559/258 923/1560/258
f 11/1559/258 13/1561/258 924/1562/258
f 923/1560/258 11/1559/258 924/1562/258
f 13/1561/258 15/1563/258 769/1564/258
f 15/1563/258 17/1565/258 770/1566/258
f 769/1564/258 15/1563/258 770/1566/258
f 17/1565/258 19/1567/258 772/1568/258
f 19/1567/258 21/1569/258 771/1570/258
f 772/1568/258 19/1567/258 771/1570/258
f 21/1569/258 23/1571/258 773/1572/258
f 23/1571/258 25/1573/258 776/1574/258
f 25/1573/258 27/1575/258 774/1576/258
f 27/1575/258 29/1577/258 774/1576/258
f 29/1577/258 31/1578/258 775/1579/258
f 31/1578/258 33/1580/258 787/1581/258
f 775/1579/258 31/1578/258 787/1581/258
f 33/1580/258 35/1582/258 778/1583/258
f 35/1582/258 37/1584/258 779/1585/258
f 778/1583/258 35/1582/258 779/1585/258
f 37/1584/258 39/1586/258 780/1587/258
f 39/1586/258 41/1588/258 781/1589/258
f 780/1587/258 39/1586/258 781/1589/258
f 41/1588/258 43/1590/258 782/1591/258
f 43/1590/258 45/1592/258 784/1593/258
f 782/1591/258 43/1590/258 784/1593/258
f 45/1592/258 47/1594/258 783/1595/258
f 47/1594/258 49/1596/258 786/1597/258
f 783/1595/258 47/1594/258 786/1597/258
f 49/1596/258 51/1598/258 785/1599/258
f 51/1598/258 53/1600/258 930/1601/258
f 785/1599/258 51/1598/258 930/1601/258
f 53/1600/258 55/1602/258 925/1603/258
f 55/1602/258 57/1604/258 929/1605/258
f 57/1604/258 59/1606/258 928/1607/258
f 59/1606/258 61/522/258 927/521/258
f 61/522/258 63/1608/258 941/520/258
f 63/1608/258 65/1609/258 931/1610/258
f 65/1609/258 67/1611/258 932/1612/258
f 67/1611/258 69/1613/258 935/1614/258
f 69/1613/258 71/1615/258 934/1616/258
f 71/1615/258 73/1617/258 933/1618/258
f 73/1617/258 75/1619/258 936/1620/258
f 75/1619/258 77/1621/258 788/1622/258
f 77/1621/258 79/1623/258 788/1622/258
f 79/1623/258 81/1624/258 789/1625/258
f 788/1622/258 79/1623/258 789/1625/258
f 81/1624/258 83/1626/258 791/1627/258
f 83/1626/258 85/1628/258 790/1629/258
f 791/1627/258 83/1626/258 790/1629/258
f 85/1628/258 87/1630/258 792/1631/258
f 87/1630/258 89/1632/258 795/1633/258
f 89/1632/258 91/1634/258 793/1635/258
f 91/1634/258 93/1636/258 794/1637/258
f 93/1636/258 95/1638/258 806/1639/258
f 95/1638/258 97/1640/258 798/1641/258
f 97/1640/258 99/1642/258 797/1643/258
f 99/1642/258 101/1644/258 801/1645/258
f 101/1644/258 103/1646/258 800/1647/258
f 103/1646/258 105/1648/258 799/1649/258
f 105/1648/258 107/1650/258 803/1651/258
f 107/1650/258 109/1652/258 802/1653/258
f 109/1652/258 111/1654/258 805/1655/258
f 111/1654/258 113/1656/258 805/1655/258
f 113/1656/258 115/1657/258 804/1658/258
f 115/1657/258 117/1659/258 937/1660/258
f 804/1658/258 115/1657/258 937/1660/258
f 117/1659/258 119/1661/258 938/1662/258
f 119/1661/258 121/1663/258 939/1664/258
f 121/1663/258 123/1665/258 1010/1666/258
f 123/1665/258 125/1667/258 1009/1668/258
f 125/1667/258 127/1669/258 1013/1670/258
f 127/1669/258 129/1671/258 1011/1672/258
f 129/1671/258 131/1673/258 1012/1674/258
f 131/1673/258 133/1675/258 960/1676/258
f 133/1675/258 135/1677/258 959/1678/258
f 135/1677/258 137/1679/258 961/1680/258
f 137/1679/258 139/1681/258 958/1682/258
f 139/1681/258 141/1683/258 823/1684/258
f 141/1683/258 143/1685/258 823/1684/258
f 143/1685/258 145/1686/258 822/1687/258
f 823/1684/258 143/1685/258 822/1687/258
f 145/1686/258 147/1688/258 820/1689/258
f 147/1688/258 149/1690/258 821/1691/258
f 820/1689/258 147/1688/258 821/1691/258
f 149/1690/258 151/1692/258 818/1693/258
f 151/1692/258 153/1694/258 817/1695/258
f 153/1694/258 155/1696/258 819/1697/258
f 155/1696/258 157/1698/258 816/1699/258
f 157/1698/258 159/1700/258 824/1701/258
f 159/1700/258 161/1702/258 812/1703/258
f 161/1702/258 163/1704/258 813/1705/258
f 163/1704/258 165/1706/258 814/1707/258
f 165/1706/258 167/1708/258 810/1709/258
f 167/1708/258 169/1710/258 811/1711/258
f 169/1710/258 171/1712/258 815/1713/258
f 171/1712/258 173/1714/258 808/1715/258
f 173/1714/258 175/1716/258 809/1717/258
f 175/1716/258 177/1718/258 809/1717/258
f 177/1718/258 179/1719/258 807/1720/258
f 179/1719/258 181/1721/258 956/1722/258
f 807/1720/258 179/1719/258 956/1722/258
f 181/1721/258 183/1723/258 955/1724/258
f 183/1723/258 185/1725/258 957/1726/258
f 185/1725/258 187/1727/258 953/1728/258
f 187/1727/258 189/1729/258 952/1730/258
f 189/1729/258 191/1731/258 962/1732/258
f 191/1731/258 193/1733/258 948/1734/258
f 193/1733/258 195/1735/258 949/1736/258
f 195/1735/258 197/1737/258 950/1738/258
f 197/1737/258 199/1739/258 946/1740/258
f 199/1739/258 201/1741/258 947/1742/258
f 201/1741/258 203/1743/258 951/1744/258
f 203/1743/258 205/1745/258 842/1746/258
f 205/1745/258 207/1747/258 842/1746/258
f 207/1747/258 209/1748/258 841/1749/258
f 842/1746/258 207/1747/258 841/1749/258
f 209/1748/258 211/1750/258 843/1751/258
f 211/1750/258 213/1752/258 840/1753/258
f 843/1751/258 211/1750/258 840/1753/258
f 213/1752/258 215/1754/258 837/1755/258
f 215/1754/258 217/1756/258 838/1757/258
f 217/1756/258 219/1758/258 839/1759/258
f 219/1758/258 221/1760/258 835/1761/258
f 221/1760/258 223/1762/258 836/1763/258
f 223/1762/258 225/1764/258 831/1765/258
f 225/1764/258 227/1766/258 832/1767/258
f 227/1766/258 229/1768/258 833/1769/258
f 229/1768/258 231/1770/258 829/1771/258
f 231/1770/258 233/1772/258 830/1773/258
f 233/1772/258 235/1774/258 834/1775/258
f 235/1774/258 237/1776/258 827/1777/258
f 237/1776/258 239/1778/258 828/1779/258
f 239/1778/258 241/1780/258 828/1779/258
f 241/1780/258 243/1781/258 826/1782/258
f 243/1781/258 245/1783/258 945/1784/258
f 826/1782/258 243/1781/258 945/1784/258
f 245/1783/258 247/1785/258 942/1786/258
f 247/1785/258 249/1787/258 943/1788/258
f 249/1787/258 251/1789/258 1014/1790/258
f 251/1789/258 253/1791/258 1007/1792/258
f 253/1791/258 255/1793/258 1022/1794/258
f 253/1791/258 1022/1794/258 1007/1792/258
f 247/1785/258 943/1788/258 942/1786/258
f 251/1789/258 1007/1792/258 1014/1790/258
f 828/1779/258 241/1780/258 826/1782/258
f 231/1770/258 830/1773/258 829/1771/258
f 235/1774/258 827/1777/258 834/1775/258
f 827/1777/258 237/1776/258 828/1779/258
f 223/1762/258 831/1765/258 836/1763/258
f 227/1766/258 833/1769/258 832/1767/258
f 215/1754/258 838/1757/258 837/1755/258
f 219/1758/258 835/1761/258 839/1759/258
f 199/1739/258 947/1742/258 946/1740/258
f 203/1743/258 842/1746/258 951/1744/258
f 191/1731/258 948/1734/258 962/1732/258
f 195/1735/258 950/1738/258 949/1736/258
f 183/1723/258 957/1726/258 955/1724/258
f 187/1727/258 952/1730/258 953/1728/258
f 809/1717/258 177/1718/258 807/1720/258
f 167/1708/258 811/1711/258 810/1709/258
f 171/1712/258 808/1715/258 815/1713/258
f 808/1715/258 173/1714/258 809/1717/258
f 159/1700/258 812/1703/258 824/1701/258
f 163/1704/258 814/1707/258 813/1705/258
f 151/1692/258 817/1695/258 818/1693/258
f 155/1696/258 816/1699/258 819/1697/258
f 135/1677/258 961/1680/258 959/1678/258
f 139/1681/258 823/1684/258 958/1682/258
f 127/1669/258 1011/1672/258 1013/1670/258
f 131/1673/258 960/1676/258 1012/1674/258
f 119/1661/258 939/1664/258 938/1662/258
f 123/1665/258 1009/1668/258 1010/1666/258
f 805/1655/258 113/1656/258 804/1658/258
f 103/1646/258 799/1649/258 800/1647/258
f 107/1650/258 802/1653/258 803/1651/258
f 802/1653/258 109/1652/258 805/1655/258
f 95/1638/258 798/1641/258 806/1639/258
f 99/1642/258 801/1645/258 797/1643/258
f 87/1630/258 795/1633/258 792/1631/258
f 91/1634/258 794/1637/258 793/1635/258
f 71/1615/258 933/1618/258 934/1616/258
f 75/1619/258 788/1622/258 936/1620/258
f 63/1608/258 931/1610/258 941/520/258
f 67/1611/258 935/1614/258 932/1612/258
f 55/1602/258 929/1605/258 925/1603/258
f 59/1606/258 927/521/258 928/1607/258
f 29/1577/258 775/1579/258 774/1576/258
f 23/1571/258 776/1574/258 773/1572/258
f 505/1795/258 507/1796/258 1021/1797/258
f 507/1796/258 509/1546/258 1020/1548/258
f 501/1798/258 503/1799/258 1000/1800/258
f 503/1799/258 505/1795/258 1001/1801/258
f 497/1802/258 499/1803/258 999/1804/258
f 499/1803/258 501/1798/258 1002/1805/258
f 493/1806/258 495/1807/258 918/1808/258
f 495/1807/258 497/1802/258 917/1809/258
f 489/1810/258 491/1811/258 916/1812/258
f 491/1811/258 493/1806/258 915/1813/258
f 485/1814/258 487/1815/258 912/1816/258
f 487/1815/258 489/1810/258 913/1817/258
f 912/1816/258 487/1815/258 913/1817/258
f 481/1818/258 483/1819/258 911/1820/258
f 483/1819/258 485/1814/258 914/1821/258
f 911/1820/258 483/1819/258 914/1821/258
f 477/1822/258 479/1823/258 908/1824/258
f 479/1823/258 481/1818/258 920/1825/258
f 908/1824/258 479/1823/258 920/1825/258
f 473/1826/258 475/1827/258 909/1828/258
f 475/1827/258 477/1822/258 907/1829/258
f 909/1828/258 475/1827/258 907/1829/258
f 469/1830/258 471/1831/258 910/1832/258
f 471/1831/258 473/1826/258 906/1833/258
f 910/1832/258 471/1831/258 906/1833/258
f 465/1834/258 467/1835/258 905/1836/258
f 467/1835/258 469/1830/258 904/1837/258
f 905/1836/258 467/1835/258 904/1837/258
f 461/1838/258 463/1839/258 903/1840/258
f 463/1839/258 465/1834/258 903/1840/258
f 457/1841/258 459/1842/258 1003/1843/258
f 459/1842/258 461/1838/258 902/1844/258
f 453/1845/258 455/1846/258 998/1847/258
f 455/1846/258 457/1841/258 997/1848/258
f 998/1847/258 455/1846/258 997/1848/258
f 449/1849/258 451/1850/258 995/1851/258
f 451/1850/258 453/1845/258 994/1852/258
f 995/1851/258 451/1850/258 994/1852/258
f 445/1853/258 447/1854/258 991/1855/258
f 447/1854/258 449/1849/258 1004/1856/258
f 991/1855/258 447/1854/258 1004/1856/258
f 441/1857/258 443/1858/258 990/1859/258
f 443/1858/258 445/1853/258 992/1860/258
f 990/1859/258 443/1858/258 992/1860/258
f 437/1861/258 439/1862/258 989/1863/258
f 439/1862/258 441/1857/258 988/1864/258
f 989/1863/258 439/1862/258 988/1864/258
f 433/1865/258 435/1866/258 898/1867/258
f 435/1866/258 437/1861/258 993/1868/258
f 898/1867/258 435/1866/258 993/1868/258
f 429/1869/258 431/1870/258 899/1871/258
f 431/1870/258 433/1865/258 898/1867/258
f 425/1872/258 427/1873/258 897/1874/258
f 427/1873/258 429/1869/258 896/1875/258
f 421/1876/258 423/1877/258 893/1878/258
f 423/1877/258 425/1872/258 894/1879/258
f 893/1878/258 423/1877/258 894/1879/258
f 417/1880/258 419/1881/258 892/1882/258
f 419/1881/258 421/1876/258 895/1883/258
f 892/1882/258 419/1881/258 895/1883/258
f 413/1884/258 415/1885/258 889/1886/258
f 415/1885/258 417/1880/258 901/1887/258
f 889/1886/258 415/1885/258 901/1887/258
f 409/1888/258 411/1889/258 891/1890/258
f 411/1889/258 413/1884/258 890/1891/258
f 891/1890/258 411/1889/258 890/1891/258
f 405/1892/258 407/1893/258 888/1894/258
f 407/1893/258 409/1888/258 887/1895/258
f 888/1894/258 407/1893/258 887/1895/258
f 401/1896/258 403/1897/258 885/1898/258
f 403/1897/258 405/1892/258 886/1899/258
f 885/1898/258 403/1897/258 886/1899/258
f 397/1900/258 399/1901/258 884/1902/258
f 399/1901/258 401/1896/258 884/1902/258
f 393/1903/258 395/1904/258 987/1905/258
f 395/1904/258 397/1900/258 883/1906/258
f 389/1907/258 391/1908/258 984/1909/258
f 391/1908/258 393/1903/258 985/1910/258
f 984/1909/258 391/1908/258 985/1910/258
f 385/1911/258 387/1912/258 1015/1913/258
f 387/1912/258 389/1907/258 1017/1914/258
f 1015/1913/258 387/1912/258 1017/1914/258
f 1016/1915/258 383/1916/258 385/1911/258
f 1015/1913/258 1016/1915/258 385/1911/258
f 395/1904/258 883/1906/258 987/1905/258
f 401/1896/258 885/1898/258 884/1902/258
f 427/1873/258 896/1875/258 897/1874/258
f 431/1870/258 898/1867/258 899/1871/258
f 459/1842/258 902/1844/258 1003/1843/258
f 465/1834/258 905/1836/258 903/1840/258
f 491/1811/258 915/1813/258 916/1812/258
f 495/1807/258 917/1809/258 918/1808/258
f 499/1803/258 1002/1805/258 999/1804/258
f 503/1799/258 1001/1801/258 1000/1800/258
f 507/1796/258 1020/1548/258 1021/1797/258
f 25/1573/258 774/1576/258 776/1574/258
f 249/1787/258 1014/1790/258 943/1788/258
f 225/1764/258 832/1767/258 831/1765/258
f 193/1733/258 949/1736/258 948/1734/258
f 161/1702/258 813/1705/258 812/1703/258
f 129/1671/258 1012/1674/258 1011/1672/258
f 97/1640/258 797/1643/258 798/1641/258
f 65/1609/258 932/1612/258 931/1610/258
f 781/1589/258 41/1588/258 782/1591/258
f 922/1558/258 9/1557/258 923/1560/258
f 461/1838/258 903/1840/258 902/1844/258
f 397/1900/258 884/1902/258 883/1906/258
f 1017/1914/258 389/1907/258 984/1909/258
f 890/1891/258 413/1884/258 889/1886/258
f 992/1860/258 445/1853/258 991/1855/258
f 907/1829/258 477/1822/258 908/1824/258
f 501/1798/258 1000/1800/258 1002/1805/258
f 1005/1550/258 1/1549/258 1006/1552/258
f 245/1783/258 942/1786/258 944/1917/258
f 245/1783/258 944/1917/258 945/1784/258
f 986/1918/258 985/1910/258 393/1903/258
f 987/1905/258 986/1918/258 393/1903/258
f 233/1772/258 834/1775/258 830/1773/258
f 886/1899/258 405/1892/258 888/1894/258
f 887/1895/258 409/1888/258 891/1890/258
f 229/1768/258 829/1771/258 833/1769/258
f 901/1887/258 417/1880/258 892/1882/258
f 221/1760/258 836/1763/258 835/1761/258
f 895/1883/258 421/1876/258 893/1878/258
f 217/1756/258 839/1759/258 838/1757/258
f 213/1752/258 837/1755/258 844/1919/258
f 900/1920/258 894/1879/258 425/1872/258
f 213/1752/258 844/1919/258 840/1753/258
f 897/1874/258 900/1920/258 425/1872/258
f 843/1751/258 841/1749/258 209/1748/258
f 899/1871/258 896/1875/258 429/1869/258
f 201/1741/258 951/1744/258 947/1742/258
f 993/1868/258 437/1861/258 989/1863/258
f 197/1737/258 946/1740/258 950/1738/258
f 988/1864/258 441/1857/258 990/1859/258
f 189/1729/258 962/1732/258 952/1730/258
f 1004/1856/258 449/1849/258 995/1851/258
f 185/1725/258 953/1728/258 957/1726/258
f 994/1852/258 453/1845/258 998/1847/258
f 181/1721/258 955/1724/258 954/1921/258
f 181/1721/258 954/1921/258 956/1722/258
f 996/1922/258 997/1848/258 457/1841/258
f 1003/1843/258 996/1922/258 457/1841/258
f 169/1710/258 815/1713/258 811/1711/258
f 904/1837/258 469/1830/258 910/1832/258
f 906/1833/258 473/1826/258 909/1828/258
f 165/1706/258 810/1709/258 814/1707/258
f 920/1825/258 481/1818/258 911/1820/258
f 157/1698/258 824/1701/258 816/1699/258
f 914/1821/258 485/1814/258 912/1816/258
f 153/1694/258 819/1697/258 817/1695/258
f 149/1690/258 818/1693/258 825/1923/258
f 919/1924/258 913/1817/258 489/1810/258
f 149/1690/258 825/1923/258 821/1691/258
f 916/1812/258 919/1924/258 489/1810/258
f 820/1689/258 822/1687/258 145/1686/258
f 918/1808/258 915/1813/258 493/1806/258
f 137/1679/258 958/1682/258 961/1680/258
f 999/1804/258 917/1809/258 497/1802/258
f 133/1675/258 959/1678/258 960/1676/258
f 1021/1797/258 1001/1801/258 505/1795/258
f 125/1667/258 1013/1670/258 1009/1668/258
f 121/1663/258 1010/1666/258 939/1664/258
f 1008/1554/258 5/1553/258 921/1556/258
f 117/1659/258 938/1662/258 940/1925/258
f 117/1659/258 940/1925/258 937/1660/258
f 924/1562/258 13/1561/258 769/1564/258
f 770/1566/258 17/1565/258 772/1568/258
f 105/1648/258 803/1651/258 799/1649/258
f 777/1926/258 771/1570/258 21/1569/258
f 773/1572/258 777/1926/258 21/1569/258
f 101/1644/258 800/1647/258 801/1645/258
f 787/1581/258 33/1580/258 778/1583/258
f 93/1636/258 806/1639/258 794/1637/258
f 779/1585/258 37/1584/258 780/1587/258
f 89/1632/258 793/1635/258 795/1633/258
f 85/1628/258 792/1631/258 796/1927/258
f 784/1593/258 45/1592/258 783/1595/258
f 85/1628/258 796/1927/258 790/1629/258
f 786/1597/258 49/1596/258 785/1599/258
f 791/1627/258 789/1625/258 81/1624/258
f 73/1617/258 936/1620/258 933/1618/258
f 926/1928/258 930/1601/258 53/1600/258
f 69/1613/258 934/1616/258 935/1614/258
f 925/1603/258 926/1928/258 53/1600/258
f 928/1607/258 929/1605/258 57/1604/258
f 1024/1929/258 1022/1794/258 255/1793/258
f 255/1793/258 257/1930/258 1024/1929/258
f 257/1930/258 259/1931/258 1023/1932/258
f 259/1931/258 261/1933/258 980/1934/258
f 261/1933/258 263/1935/258 979/1936/258
f 263/1935/258 265/1937/258 981/1938/258
f 265/1937/258 267/1939/258 981/1938/258
f 267/1939/258 269/1940/258 978/1941/258
f 269/1940/258 271/1942/258 861/1943/258
f 978/1941/258 269/1940/258 861/1943/258
f 271/1942/258 273/1944/258 860/1945/258
f 273/1944/258 275/1946/258 862/1947/258
f 860/1945/258 273/1944/258 862/1947/258
f 275/1946/258 277/1948/258 859/1949/258
f 277/1948/258 279/1950/258 863/1951/258
f 859/1949/258 277/1948/258 863/1951/258
f 279/1950/258 281/1952/258 856/1953/258
f 281/1952/258 283/1954/258 857/1955/258
f 856/1953/258 281/1952/258 857/1955/258
f 283/1954/258 285/1956/258 858/1957/258
f 285/1956/258 287/1958/258 854/1959/258
f 858/1957/258 285/1956/258 854/1959/258
f 287/1958/258 289/1960/258 850/1961/258
f 289/1960/258 291/1962/258 852/1963/258
f 291/1962/258 293/1964/258 851/1965/258
f 293/1964/258 295/1966/258 848/1967/258
f 295/1966/258 297/1968/258 848/1967/258
f 297/1968/258 299/1969/258 849/1970/258
f 848/1967/258 297/1968/258 849/1970/258
f 299/1969/258 301/1971/258 853/1972/258
f 301/1971/258 303/1973/258 846/1974/258
f 853/1972/258 301/1971/258 846/1974/258
f 303/1973/258 305/1975/258 847/1976/258
f 305/1975/258 307/1977/258 845/1978/258
f 847/1976/258 305/1975/258 845/1978/258
f 307/1977/258 309/1979/258 982/1980/258
f 309/1979/258 311/1981/258 975/1982/258
f 982/1980/258 309/1979/258 975/1982/258
f 311/1981/258 313/1983/258 976/1984/258
f 313/1983/258 315/1985/258 977/1986/258
f 976/1984/258 313/1983/258 977/1986/258
f 315/1985/258 317/1987/258 973/1988/258
f 317/1987/258 319/523/258 974/1989/258
f 973/1988/258 317/1987/258 974/1989/258
f 319/523/258 321/1990/258 970/524/258
f 321/1990/258 323/1991/258 971/1992/258
f 323/1991/258 325/1993/258 969/1994/258
f 325/1993/258 327/1995/258 967/1996/258
f 327/1995/258 329/1997/258 968/1998/258
f 329/1997/258 331/1999/258 972/2000/258
f 331/1999/258 333/2001/258 880/2002/258
f 333/2001/258 335/2003/258 879/2004/258
f 335/2003/258 337/2005/258 881/2006/258
f 337/2005/258 339/2007/258 878/2008/258
f 339/2007/258 341/2009/258 882/2010/258
f 341/2009/258 343/2011/258 875/2012/258
f 343/2011/258 345/2013/258 876/2014/258
f 345/2013/258 347/2015/258 876/2014/258
f 347/2015/258 349/2016/258 877/2017/258
f 349/2016/258 351/2018/258 873/2019/258
f 877/2017/258 349/2016/258 873/2019/258
f 351/2018/258 353/2020/258 871/2021/258
f 353/2020/258 355/2022/258 870/2023/258
f 355/2022/258 357/2024/258 869/2025/258
f 357/2024/258 359/2026/258 867/2027/258
f 359/2026/258 361/2028/258 868/2029/258
f 361/2028/258 363/2030/258 872/2031/258
f 363/2030/258 365/2032/258 865/2033/258
f 365/2032/258 367/2034/258 866/2035/258
f 367/2034/258 369/2036/258 864/2037/258
f 369/2036/258 371/2038/258 966/2039/258
f 371/2038/258 373/2040/258 965/2041/258
f 373/2040/258 375/2042/258 963/2043/258
f 375/2042/258 377/2044/258 963/2043/258
f 377/2044/258 379/2045/258 964/2046/258
f 963/2043/258 377/2044/258 964/2046/258
f 379/2045/258 381/2047/258 1018/2048/258
f 381/2047/258 383/1916/258 1019/2049/258
f 1018/2048/258 381/2047/258 1019/2049/258
f 383/1916/258 1016/1915/258 1019/2049/258
f 369/2036/258 966/2039/258 864/2037/258
f 373/2040/258 963/2043/258 965/2041/258
f 361/2028/258 872/2031/258 868/2029/258
f 365/2032/258 866/2035/258 865/2033/258
f 353/2020/258 870/2023/258 871/2021/258
f 357/2024/258 867/2027/258 869/2025/258
f 876/2014/258 347/2015/258 877/2017/258
f 337/2005/258 878/2008/258 881/2006/258
f 341/2009/258 875/2012/258 882/2010/258
f 875/2012/258 343/2011/258 876/2014/258
f 329/1997/258 972/2000/258 968/1998/258
f 333/2001/258 879/2004/258 880/2002/258
f 321/1990/258 971/1992/258 970/524/258
f 325/1993/258 967/1996/258 969/1994/258
f 289/1960/258 852/1963/258 850/1961/258
f 293/1964/258 848/1967/258 851/1965/258
f 981/1938/258 267/1939/258 978/1941/258
f 257/1930/258 1023/1932/258 1024/1929/258
f 261/1933/258 979/1936/258 980/1934/258
f 980/1934/258 1023/1932/258 259/1931/258
f 1018/2048/258 964/2046/258 379/2045/258
f 363/2030/258 865/2033/258 872/2031/258
f 331/1999/258 880/2002/258 972/2000/258
f 845/1978/258 307/1977/258 982/1980/258
f 263/1935/258 981/1938/258 979/1936/258
f 862/1947/258 275/1946/258 859/1949/258
f 371/2038/258 965/2041/258 966/2039/258
f 861/1943/258 271/1942/258 860/1945/258
f 367/2034/258 864/2037/258 866/2035/258
f 863/1951/258 279/1950/258 856/1953/258
f 359/2026/258 868/2029/258 867/2027/258
f 857/1955/258 283/1954/258 858/1957/258
f 355/2022/258 869/2025/258 870/2023/258
f 855/2050/258 854/1959/258 287/1958/258
f 351/2018/258 871/2021/258 874/2051/258
f 351/2018/258 874/2051/258 873/2019/258
f 850/1961/258 855/2050/258 287/1958/258
f 851/1965/258 852/1963/258 291/1962/258
f 339/2007/258 882/2010/258 878/2008/258
f 849/1970/258 299/1969/258 853/1972/258
f 846/1974/258 303/1973/258 847/1976/258
f 335/2003/258 881/2006/258 879/2004/258
f 975/1982/258 311/1981/258 976/1984/258
f 327/1995/258 968/1998/258 967/1996/258
f 977/1986/258 315/1985/258 973/1988/258
f 323/1991/258 969/1994/258 971/1992/258
f 983/525/258 974/1989/258 319/523/258
f 758/526/130 757/2052/129 1006/527/129
f 762/529/131 758/526/130 1008/528/130
f 761/531/132 762/529/131 921/530/131
f 768/533/133 761/531/132 922/532/132
f 728/535/134 768/533/133 923/534/133
f 729/537/135 728/535/134 924/536/134
f 730/539/136 729/537/135 769/538/135
f 731/541/137 730/539/136 770/540/136
f 646/543/138 731/541/137 772/542/137
f 648/545/139 646/543/138 771/544/138
f 647/547/140 648/545/139 777/546/139
f 654/549/141 647/547/140 773/548/140
f 650/551/142 654/549/141 776/550/141
f 649/553/143 650/551/142 774/552/142
f 653/555/144 649/553/143 775/554/143
f 652/557/145 653/555/144 787/556/144
f 651/559/146 652/557/145 778/558/145
f 656/561/147 651/559/146 779/560/146
f 655/563/148 656/561/147 780/562/147
f 659/565/149 655/563/148 781/564/148
f 658/567/150 659/565/149 782/566/149
f 657/569/151 658/567/150 784/568/150
f 664/571/152 657/569/151 783/570/151
f 660/573/153 664/571/152 786/572/152
f 663/575/154 660/573/153 785/574/153
f 661/577/155 663/575/154 930/576/154
f 662/579/156 661/577/155 926/578/155
f 737/581/157 662/579/156 925/580/156
f 733/583/158 737/581/157 929/582/157
f 732/585/159 733/583/158 928/584/158
f 736/587/160 732/585/159 927/586/159
f 735/589/161 736/587/160 941/588/160
f 735/589/161 931/590/161 932/591/162
f 734/592/162 932/591/162 935/593/163
f 748/594/163 935/593/163 934/595/164
f 738/596/164 934/595/164 933/597/165
f 739/598/165 933/597/165 936/599/166
f 742/600/166 936/599/166 788/601/167
f 741/602/167 788/601/167 789/603/168
f 740/604/168 789/603/168 791/605/169
f 743/606/169 791/605/169 790/607/170
f 627/608/170 790/607/170 796/609/171
f 629/610/171 796/609/171 792/611/172
f 628/612/172 792/611/172 795/613/173
f 635/614/173 795/613/173 793/615/174
f 631/616/174 793/615/174 794/617/175
f 630/618/175 794/617/175 806/619/176
f 634/620/176 806/619/176 798/621/177
f 633/622/177 798/621/177 797/623/178
f 632/624/178 797/623/178 801/625/179
f 645/626/179 801/625/179 800/627/180
f 636/628/180 800/627/180 799/629/181
f 639/630/181 799/629/181 803/631/182
f 637/632/182 803/631/182 802/633/183
f 638/634/183 802/633/183 805/635/184
f 644/636/184 805/635/184 804/637/185
f 641/638/185 804/637/185 937/639/186
f 640/640/186 937/639/186 940/641/187
f 643/642/187 940/641/187 938/643/188
f 642/644/188 938/643/188 939/645/189
f 744/646/189 939/645/189 1010/647/190
f 747/648/190 1010/647/190 1009/649/191
f 745/650/191 1009/649/191 1013/651/192
f 746/652/192 1013/651/192 1011/653/193
f 765/654/193 1011/653/193 1012/655/194
f 767/656/194 1012/655/194 960/657/195
f 766/658/195 960/657/195 959/659/196
f 763/660/196 959/659/196 961/661/197
f 764/662/197 961/661/197 958/663/198
f 725/664/198 958/663/198 823/665/199
f 724/666/199 823/665/199 822/667/200
f 726/668/200 822/667/200 820/669/201
f 723/670/201 820/669/201 821/671/202
f 625/672/202 821/671/202 825/673/203
f 624/674/203 825/673/203 818/675/204
f 622/676/204 818/675/204 817/677/205
f 623/678/205 817/677/205 819/679/206
f 619/680/206 819/679/206 816/681/207
f 620/682/207 816/681/207 824/683/208
f 621/684/208 824/683/208 812/685/209
f 617/686/209 812/685/209 813/687/210
f 618/688/210 813/687/210 814/689/211
f 626/690/211 814/689/211 810/691/212
f 614/692/212 810/691/212 811/693/213
f 613/694/213 811/693/213 815/695/214
f 615/696/214 815/695/214 808/697/215
f 612/698/215 808/697/215 809/699/216
f 616/700/216 809/699/216 807/701/217
f 610/702/217 807/701/217 956/703/218
f 611/704/218 956/703/218 954/705/219
f 608/706/219 954/705/219 955/707/220
f 609/708/220 955/707/220 957/709/221
f 721/710/221 957/709/221 953/711/222
f 719/712/222 953/711/222 952/713/223
f 720/714/223 952/713/223 962/715/224
f 722/716/224 962/715/224 948/717/225
f 718/718/225 948/717/225 949/719/226
f 717/720/226 949/719/226 950/721/227
f 727/722/227 950/721/227 946/723/228
f 713/724/228 946/723/228 947/725/229
f 714/726/229 947/725/229 951/727/230
f 715/728/230 951/727/230 842/729/231
f 711/730/231 842/729/231 841/731/232
f 712/732/232 841/731/232 843/733/233
f 716/734/233 843/733/233 840/735/234
f 606/736/234 840/735/234 844/737/235
f 605/738/235 844/737/235 837/739/236
f 603/740/236 837/739/236 838/741/237
f 604/742/237 838/741/237 839/743/238
f 602/744/238 839/743/238 835/745/239
f 601/746/239 835/745/239 836/747/240
f 600/748/240 836/747/240 831/749/241
f 598/750/241 831/749/241 832/751/242
f 599/752/242 832/751/242 833/753/243
f 607/754/243 833/753/243 829/755/244
f 595/756/244 829/755/244 830/757/245
f 594/758/245 830/757/245 834/759/246
f 596/760/246 834/759/246 827/761/247
f 593/762/247 827/761/247 828/763/248
f 597/764/248 828/763/248 826/765/249
f 591/766/249 826/765/249 945/767/250
f 592/768/250 945/767/250 944/769/251
f 589/770/251 944/769/251 942/771/252
f 590/772/252 942/771/252 943/773/253
f 710/774/253 943/773/253 1014/775/254
f 709/776/254 1014/775/254 1007/777/255
f 707/778/255 1007/777/255 1022/779/257
f 708/780/257 1022/779/257 1024/781/1
f 759/782/1 1024/781/1 1023/783/2
f 760/784/2 1023/783/2 980/785/3
f 754/786/3 980/785/3 979/787/4
f 756/788/4 979/787/4 981/789/5
f 755/790/5 981/789/5 978/791/6
f 703/792/6 978/791/6 861/793/7
f 702/794/7 861/793/7 860/795/8
f 704/796/8 860/795/8 862/797/9
f 701/798/9 862/797/9 859/799/10
f 586/800/10 859/799/10 863/801/11
f 585/802/11 863/801/11 856/803/12
f 583/804/12 856/803/12 857/805/13
f 584/806/13 857/805/13 858/807/14
f 587/808/14 858/807/14 854/809/15
f 581/810/15 854/809/15 855/811/16
f 580/812/16 855/811/16 850/813/17
f 582/814/17 850/813/17 852/815/18
f 579/816/18 852/815/18 851/817/19
f 588/818/19 851/817/19 848/819/20
f 576/820/20 848/819/20 849/821/21
f 575/822/21 849/821/21 853/823/22
f 578/824/22 853/823/22 846/825/23
f 574/826/23 846/825/23 847/827/24
f 577/828/24 847/827/24 845/829/25
f 572/830/25 845/829/25 982/831/26
f 573/832/26 982/831/26 975/833/27
f 570/834/27 975/833/27 976/835/28
f 571/836/28 976/835/28 977/837/29
f 705/838/29 977/837/29 973/839/30
f 698/840/30 973/839/30 974/841/31
f 699/842/31 974/841/31 983/843/32
f 700/844/32 983/843/32 970/845/33
f 697/847/34 696/846/33 970/845/33
f 706/849/35 697/847/34 971/848/34
f 693/851/36 706/849/35 969/850/35
f 694/853/37 693/851/36 967/852/36
f 692/855/38 694/853/37 968/854/37
f 690/857/39 692/855/38 972/856/38
f 691/859/40 690/857/39 880/858/39
f 695/861/41 691/859/40 879/860/40
f 567/863/42 695/861/41 881/862/41
f 566/865/43 567/863/42 878/864/42
f 564/867/44 566/865/43 882/866/43
f 565/869/45 564/867/44 875/868/44
f 568/871/46 565/869/45 876/870/45
f 562/873/47 568/871/46 877/872/46
f 561/875/48 562/873/47 873/874/47
f 563/877/49 561/875/48 874/876/48
f 560/879/50 563/877/49 871/878/49
f 569/881/51 560/879/50 870/880/50
f 557/883/52 569/881/51 869/882/51
f 558/885/53 557/883/52 867/884/52
f 559/887/54 558/885/53 868/886/53
f 555/889/55 559/887/54 872/888/54
f 556/891/56 555/889/55 865/890/55
f 553/893/57 556/891/56 866/892/56
f 552/895/58 553/893/57 864/894/57
f 554/897/59 552/895/58 966/896/58
f 551/899/60 554/897/59 965/898/59
f 689/901/61 551/899/60 963/900/60
f 688/903/62 689/901/61 964/902/61
f 686/905/63 688/903/62 1018/904/62
f 687/907/64 686/905/63 1019/906/63
f 749/909/65 687/907/64 1016/908/64
f 750/911/66 749/909/65 1015/910/65
f 753/913/67 750/911/66 1017/912/66
f 752/915/68 753/913/67 984/914/67
f 751/917/69 752/915/68 985/916/68
f 665/919/70 751/917/69 986/918/69
f 666/921/71 665/919/70 987/920/70
f 667/923/72 666/921/71 883/922/71
f 668/925/73 667/923/72 884/924/72
f 532/927/74 668/925/73 885/926/73
f 534/929/75 532/927/74 886/928/74
f 533/931/76 534/929/75 888/930/75
f 540/933/77 533/931/76 887/932/76
f 535/935/78 540/933/77 891/934/77
f 536/937/79 535/935/78 890/936/78
f 537/939/80 536/937/79 889/938/79
f 538/941/81 537/939/80 901/940/80
f 539/943/82 538/941/81 892/942/81
f 542/945/83 539/943/82 895/944/82
f 541/947/84 542/945/83 893/946/83
f 545/949/85 541/947/84 894/948/84
f 544/951/86 545/949/85 900/950/85
f 543/953/87 544/951/86 897/952/86
f 550/955/88 543/953/87 896/954/87
f 546/957/89 550/955/88 899/956/88
f 549/959/90 546/957/89 898/958/89
f 547/961/91 549/959/90 993/960/90
f 548/963/92 547/961/91 989/962/91
f 674/965/93 548/963/92 988/964/92
f 670/967/94 674/965/93 990/966/93
f 669/969/95 670/967/94 992/968/94
f 673/971/96 669/969/95 991/970/95
f 672/973/97 673/971/96 1004/972/96
f 671/975/98 672/973/97 995/974/97
f 685/977/99 671/975/98 994/976/98
f 676/979/100 685/977/99 998/978/99
f 675/981/101 676/979/100 997/980/100
f 679/983/102 675/981/101 996/982/101
f 678/985/103 679/983/102 1003/984/102
f 677/987/104 678/985/103 902/986/103
f 684/989/105 677/987/104 903/988/104
f 513/991/106 684/989/105 905/990/105
f 515/993/107 513/991/106 904/992/106
f 514/995/108 515/993/107 910/994/107
f 521/997/109 514/995/108 906/996/108
f 517/999/110 521/997/109 909/998/109
f 516/1001/111 517/999/110 907/1000/110
f 520/1003/112 516/1001/111 908/1002/111
f 519/1005/113 520/1003/112 920/1004/112
f 518/1007/114 519/1005/113 911/1006/113
f 523/1009/115 518/1007/114 914/1008/114
f 522/1011/116 523/1009/115 912/1010/115
f 526/1013/117 522/1011/116 913/1012/116
f 525/1015/118 526/1013/117 919/1014/117
f 524/1017/119 525/1015/118 916/1016/118
f 531/1019/120 524/1017/119 915/1018/119
f 527/1021/121 531/1019/120 918/1020/120
f 530/1023/122 527/1021/121 917/1022/121
f 528/1025/123 530/1023/122 999/1024/122
f 529/1027/124 528/1025/123 1002/1026/123
f 680/1029/125 529/1027/124 1000/1028/124
f 683/1031/126 680/1029/125 1001/1030/125
f 681/1033/127 683/1031/126 1021/1032/126
f 682/1035/128 681/1033/127 1020/1034/127
f 757/1037/129 682/1035/128 1005/1036/128
